y,n,n_sites,r2_within,ok,xvars,beta_GP,se_GP,p_GP,ci95_lo_GP,ci95_hi_GP,beta_logP,se_logP,p_logP,ci95_lo_logP,ci95_hi_logP,sample,family,beta_nwet_frac,se_nwet_frac,p_nwet_frac,ci95_lo_nwet_frac,ci95_hi_nwet_frac,beta_p95share,se_p95share,p_p95share,ci95_lo_p95share,ci95_hi_p95share
logR,34530,1056,0.35471720007834384,True,GP+logP,-1.4417892412971294,0.1322433536979664,1.1207664485498072e-27,-1.7009814517399353,-1.1825970308543234,1.3533157130557558,0.03778099907220164,5.3915123024925526e-281,1.2792663155742994,1.4273651105372123,all,hydro,,,,,,,,,,
logRP,34530,1056,0.12739983170966507,True,GP+logP,-1.4417892412971247,0.13224335369796636,1.1207664485502246e-27,-1.7009814517399304,-1.182597030854319,0.3533157130557565,0.03778099907220165,8.626859278962337e-21,0.27926631557430004,0.42736511053721293,all,hydro,,,,,,,,,,
logR_dry,34461,1056,0.17149392125179086,True,GP+logP,-2.459970294156216,0.2192408269092587,3.237938283584188e-29,-2.889674418839143,-2.030266169473289,1.4490465948727917,0.05287388875230396,2.3446383517573105e-165,1.3454156771956984,1.552677512549885,all,hydro,,,,,,,,,,
logR_wet,34520,1056,0.24891473400779163,True,GP+logP,-1.6401146727949745,0.16488232137620026,2.594219236255222e-23,-1.9632780843796858,-1.3169512612102632,1.2672064845298112,0.04132256847246192,1.6069788327880344e-206,1.1862157385750955,1.3481972304845269,all,hydro,,,,,,,,,,
logR,11193,328,0.3619570698065292,True,GP+logP,-2.149422824529963,0.2695800137470113,1.5458302410722997e-15,-2.6777899424259175,-1.621055706634008,0.9169649598698831,0.0618256316629008,9.170348880673358e-50,0.7957889484891584,1.038140971250608,West,hydro,,,,,,,,,,
logRP,11193,328,0.2066660344224598,True,GP+logP,-2.149422824529962,0.2695800137470112,1.5458302410722997e-15,-2.6777899424259166,-1.6210557066340074,-0.08303504013011699,0.061825631662900796,0.17925512679421607,-0.20421105151084176,0.03814097125060778,West,hydro,,,,,,,,,,
logR_dry,11147,328,0.16111749576337764,True,GP+logP,-2.8069031699853215,0.4161769464138414,1.535605949098452e-11,-3.6225949961523067,-1.9912113438183363,0.5764478431907968,0.06228099060970037,2.130335345151424e-20,0.45437934467430674,0.6985163417072868,West,hydro,,,,,,,,,,
logR_wet,11189,328,0.31428430880858027,True,GP+logP,-2.9481250105502883,0.33105963720070103,5.332946878621445e-19,-3.596989976198559,-2.2992600449020175,0.9459387483055306,0.06878305656659099,4.920191013816853e-43,0.811126434688431,1.0807510619226302,West,hydro,,,,,,,,,,
logR,8185,261,0.5712915315880753,True,GP+logP,-0.6337253990474673,0.19955323704781272,0.0014946464174728064,-1.0248425566595643,-0.2426082414353703,1.5737349014241129,0.045387034283123594,1.9653977910698207e-263,1.484777948864106,1.6626918539841198,Interior,hydro,,,,,,,,,,
logRP,8185,261,0.3317207376275423,True,GP+logP,-0.633725399047469,0.19955323704781264,0.001494646417472755,-1.0248425566595658,-0.24260824143537224,0.5737349014241112,0.04538703428312357,1.255396308685668e-36,0.4847779488641043,0.6626918539841181,Interior,hydro,,,,,,,,,,
logR_dry,8181,261,0.2885830085390997,True,GP+logP,-1.0924210362441504,0.4587820586763393,0.01725948567730786,-1.9916173480029173,-0.19322472448538353,2.2391952101408643,0.11502306874368105,2.0771362419945225e-84,2.013754138011975,2.464636282269754,Interior,hydro,,,,,,,,,,
logR_wet,8185,261,0.4190698438380517,True,GP+logP,-1.1975611619337703,0.26135660032395913,4.6033737679241825e-06,-1.7098106856905595,-0.6853116381769809,1.2183581299682456,0.05296487915227475,4.3366494532651755e-117,1.1145488743842706,1.3221673855522205,Interior,hydro,,,,,,,,,,
logR,8690,279,0.4370492175316696,True,GP+logP,-0.9939863922330806,0.30860931324541374,0.0012780800996606417,-1.5988495314877316,-0.38912325297842976,1.7251503532813417,0.059312094627568986,5.400582547497848e-186,1.6089007839636749,1.8413999225990085,South,hydro,,,,,,,,,,
logRP,8690,279,0.22446245691459388,True,GP+logP,-0.9939863922330798,0.30860931324541374,0.0012780800996606526,-1.5988495314877307,-0.389123252978429,0.7251503532813416,0.05931209462756899,2.2575389637561218e-34,0.6089007839636748,0.8413999225990084,South,hydro,,,,,,,,,,
logR_dry,8672,279,0.24933135420679686,True,GP+logP,-2.3679530534878306,0.4808027110337126,8.436062194755211e-07,-3.3103090507831263,-1.425597056192535,1.9004145382955324,0.09159641328083686,1.2860849865621794e-95,1.720888867152046,2.079940209439019,South,hydro,,,,,,,,,,
logR_wet,8684,279,0.2553374014127391,True,GP+logP,-1.1259042206328158,0.3992342199002646,0.004799976850516164,-1.9083889130332785,-0.3434195282323531,1.5622574347989522,0.07370023132059335,1.0079927665500465e-99,1.4178076357583183,1.7067072338395861,South,hydro,,,,,,,,,,
logR,6462,188,0.6877652126698778,True,GP+logP,-0.19714976207906085,0.09083291945327548,0.029971562689578242,-0.37517901281810845,-0.019120511340013246,0.7802266214178627,0.05016633690475421,1.5231736903326635e-54,0.6819024078482419,0.8785508349874835,Northeast,hydro,,,,,,,,,,
logRP,6462,188,0.3875569959867936,True,GP+logP,-0.19714976207906293,0.09083291945327555,0.029971562689576625,-0.37517901281811067,-0.01912051134001519,-0.219773378582135,0.050166336904754326,1.1819364157793794e-05,-0.31809759215175604,-0.12144916501251395,Northeast,hydro,,,,,,,,,,
logR_dry,6461,188,0.5125680115239408,True,GP+logP,-0.08074523685959531,0.30576172230664417,0.7917190780178858,-0.6800272004315552,0.5185367267123645,1.4018674373275388,0.09589826156786677,2.147641085207591e-48,1.2139102984745183,1.5898245761805594,Northeast,hydro,,,,,,,,,,
logR_wet,6462,188,0.5822806226311348,True,GP+logP,-0.386996080146819,0.11964804665219075,0.0012187563327825252,-0.6215019424056811,-0.15249021788795697,0.5989769151297153,0.0464659020794924,5.07962125756391e-38,0.5079054205447454,0.6900484097146852,Northeast,hydro,,,,,,,,,,
logR,8570,269,0.5226600822920792,True,GP+logP,-1.038988453645861,0.21649656688916455,1.5938101695733128e-06,-1.4633139275251903,-0.6146629797665316,1.4810384388668447,0.05531768798483042,6.608727829432177e-158,1.372617762708553,1.5894591150251365,CornBelt,hydro,,,,,,,,,,
logRP,8570,269,0.29711332823089054,True,GP+logP,-1.038988453645861,0.21649656688916452,1.5938101695733128e-06,-1.46331392752519,-0.6146629797665317,0.4810384388668461,0.05531768798483045,3.4401711085187436e-18,0.37261776270855435,0.5894591150251378,CornBelt,hydro,,,,,,,,,,
logR_dry,8562,269,0.2592927557816166,True,GP+logP,-1.1142134906708525,0.49352340475043954,0.023966177018226956,-2.0815015895092976,-0.14692539183240716,1.907343818345899,0.12985463400320157,7.661181418293182e-49,1.6528334124739938,2.1618542242178043,CornBelt,hydro,,,,,,,,,,
logR_wet,8570,269,0.40837480174185614,True,GP+logP,-1.7503795789002008,0.28358672971166055,6.730783205112946e-10,-2.3061993556285505,-1.194559802171851,1.2677304803534397,0.06347024686316727,9.343358286248847e-89,1.1433310824117655,1.392129878295114,CornBelt,hydro,,,,,,,,,,
logR,15601,521,0.4024360505738548,True,GP+logP,-0.826141435309567,0.1458085339995931,1.4622636134870893e-08,-1.1119209105873533,-0.5403619600317806,1.4750615582708213,0.05785911643663187,2.2963805115689043e-143,1.3616597738777134,1.5884633426639292,small,hydro,,,,,,,,,,
logRP,15601,521,0.13498365070648444,True,GP+logP,-0.8261414353095671,0.14580853399959307,1.462263613487079e-08,-1.1119209105873535,-0.5403619600317807,0.47506155827082025,0.05785911643663185,2.199751617974689e-16,0.36165977387771236,0.5884633426639282,small,hydro,,,,,,,,,,
logR_dry,15568,521,0.1983548239423808,True,GP+logP,-1.8874668946207465,0.31990555168625445,3.633353624793182e-09,-2.514470254380222,-1.260463534861271,1.805762794906841,0.08336981743262695,4.9274310706854246e-104,1.6423609553412128,1.9691646344724694,small,hydro,,,,,,,,,,
logR_wet,15594,521,0.2531909807101669,True,GP+logP,-0.9130650359455823,0.21654601281611172,2.481295195771662e-05,-1.3374874220609103,-0.48864264983025435,1.3124328810412464,0.06290923375059945,1.1780323852102698e-96,1.18913304859506,1.435732713487433,small,hydro,,,,,,,,,,
logR,12506,357,0.3670601078991984,True,GP+logP,-1.4299083236688832,0.2554057235280772,2.161198023429381e-08,-1.930494343229309,-0.9293223041084575,1.435658396879967,0.06681243790372036,2.0208337001251844e-102,1.3047084248693563,1.5666083688905776,mid,hydro,,,,,,,,,,
logRP,12506,357,0.15560357888948995,True,GP+logP,-1.4299083236688732,0.2554057235280773,2.161198023429887e-08,-1.9304943432292991,-0.9293223041084474,0.435658396879968,0.06681243790372039,7.001821687129397e-11,0.30470842486935723,0.5666083688905788,mid,hydro,,,,,,,,,,
logR_dry,12475,357,0.17399124132899713,True,GP+logP,-2.327814869694318,0.3669010909050594,2.2310593874091985e-10,-3.0469277937566908,-1.6087019456319451,1.3657310557450602,0.09114882540757914,9.408586142476816e-51,1.1870826407130757,1.5443794707770446,mid,hydro,,,,,,,,,,
logR_wet,12503,357,0.27613700963803534,True,GP+logP,-1.655485628371123,0.2818696018599916,4.273791256876503e-09,-2.2079398963533508,-1.1030313603888953,1.3600006978362411,0.07172217208730745,3.510658759609979e-80,1.2194278236521345,1.5005735720203477,mid,hydro,,,,,,,,,,
logR,6423,178,0.3215449875888764,True,GP+logP,-2.6681920060102358,0.33828451168359724,3.084979104502672e-15,-3.3312174654378053,-2.0051665465826662,0.9918843045891786,0.07002995464920407,1.5365227972674913e-45,0.8546281156377653,1.129140493540592,large,hydro,,,,,,,,,,
logRP,6423,178,0.149631359109889,True,GP+logP,-2.6681920060102358,0.3382845116835971,3.084979104502583e-15,-3.3312174654378053,-2.0051665465826662,-0.008115695410821468,0.07002995464920404,0.907740581625186,-0.1453718843622347,0.12914049354059176,large,hydro,,,,,,,,,,
logR_dry,6418,178,0.1607042698148401,True,GP+logP,-3.9800581610165775,0.5320561472689803,7.402750145654586e-14,-5.022869047416918,-2.937247274616237,0.951724689677592,0.09152218555843346,2.509660914010825e-25,0.7723445021966706,1.1311048771585135,large,hydro,,,,,,,,,,
logR_wet,6423,178,0.2550952085608075,True,GP+logP,-2.9994611413350003,0.44630926337989674,1.8099140064856587e-11,-3.874211223526199,-2.1247110591438014,1.0082150228005051,0.08118562596941796,2.0705254542132782e-35,0.8490941198381062,1.1673359257629041,large,hydro,,,,,,,,,,
logR,23480,729,0.35805313691027674,True,GP+logP,-1.323321148325691,0.15210619194962927,3.3193650780349966e-18,-1.6214438063725007,-1.0251984902788813,1.3066945149876361,0.04840088558186517,1.588669719209812e-160,1.2118305224273365,1.4015585075479358,dam,hydro,,,,,,,,,,
logRP,23480,729,0.11901823819076018,True,GP+logP,-1.3233211483256917,0.15210619194962924,3.3193650780348533e-18,-1.6214438063725014,-1.025198490278882,0.30669451498763467,0.04840088558186516,2.3497062463909154e-10,0.21183052242733497,0.4015585075479344,dam,hydro,,,,,,,,,,
logR_dry,23424,729,0.1695361857373754,True,GP+logP,-2.1432110695361777,0.2547490146614753,3.995531684410753e-17,-2.6425099633697355,-1.6439121757026198,1.4156679331577184,0.06648319275747233,1.3007769072244252e-100,1.2853632697758386,1.5459725965395983,dam,hydro,,,,,,,,,,
logR_wet,23474,729,0.25671955566451976,True,GP+logP,-1.439652662186979,0.18255564492304477,3.117687244025692e-15,-1.7974551514106292,-1.0818501729633287,1.1934415930841726,0.05258411332403987,4.9224147349431494e-114,1.0903786248100817,1.2965045613582635,dam,hydro,,,,,,,,,,
logR,11050,327,0.3583349972852621,True,GP+logP,-1.6387309113145858,0.24412251064335455,1.910034437593941e-11,-2.1172022399910566,-1.1602595826381148,1.4594735792248075,0.054176562083632224,7.632773157012596e-160,1.3532894687346901,1.5656576897149248,no_dam,hydro,,,,,,,,,,
logRP,11050,327,0.15283118131035267,True,GP+logP,-1.6387309113145794,0.2441225106433544,1.9100344375942385e-11,-2.11720223999105,-1.1602595826381088,0.45947357922480814,0.054176562083632224,2.2319024747806393e-17,0.3532894687346907,0.5656576897149256,no_dam,hydro,,,,,,,,,,
logR_dry,11037,327,0.18617522614977222,True,GP+logP,-3.049928225039469,0.40701760868944203,6.713399868079385e-14,-3.847668079144392,-2.2521883709345456,1.5128570642809216,0.08266129323425386,7.9942195783438185e-75,1.3508439066262796,1.6748702219355636,no_dam,hydro,,,,,,,,,,
logR_wet,11046,327,0.24592221275856574,True,GP+logP,-2.021502631470474,0.3261447578873509,5.712122388941803e-10,-2.6607346106762177,-1.3822706522647306,1.4357446546464265,0.06143422969325842,8.542904341910758e-121,1.315335777029679,1.556153532263174,no_dam,hydro,,,,,,,,,,
logR,34530,1056,0.35471720007834384,True,GP+logP,-1.4417892412971294,0.1322433536979664,1.1207664485498072e-27,-1.7009814517399353,-1.1825970308543234,1.3533157130557558,0.03778099907220164,5.3915123024925526e-281,1.2792663155742994,1.4273651105372123,area_complete,hydro,,,,,,,,,,
logRP,34530,1056,0.12739983170966507,True,GP+logP,-1.4417892412971247,0.13224335369796636,1.1207664485502246e-27,-1.7009814517399304,-1.182597030854319,0.3533157130557565,0.03778099907220165,8.626859278962337e-21,0.27926631557430004,0.42736511053721293,area_complete,hydro,,,,,,,,,,
logR_dry,34461,1056,0.17149392125179086,True,GP+logP,-2.459970294156216,0.2192408269092587,3.237938283584188e-29,-2.889674418839143,-2.030266169473289,1.4490465948727917,0.05287388875230396,2.3446383517573105e-165,1.3454156771956984,1.552677512549885,area_complete,hydro,,,,,,,,,,
logR_wet,34520,1056,0.24891473400779163,True,GP+logP,-1.6401146727949745,0.16488232137620026,2.594219236255222e-23,-1.9632780843796858,-1.3169512612102632,1.2672064845298112,0.04132256847246192,1.6069788327880344e-206,1.1862157385750955,1.3481972304845269,area_complete,hydro,,,,,,,,,,
logR,34530,1056,0.35471720007834384,True,GP+logP,-1.4417892412971294,0.1322433536979664,1.1207664485498072e-27,-1.7009814517399353,-1.1825970308543234,1.3533157130557558,0.03778099907220164,5.3915123024925526e-281,1.2792663155742994,1.4273651105372123,GP_only,horse,,,,,,,,,,
logRP,34530,1056,0.12739983170966507,True,GP+logP,-1.4417892412971247,0.13224335369796636,1.1207664485502246e-27,-1.7009814517399304,-1.182597030854319,0.3533157130557565,0.03778099907220165,8.626859278962337e-21,0.27926631557430004,0.42736511053721293,GP_only,horse,,,,,,,,,,
logR,34530,1056,0.3544466916484481,True,nwet_frac+logP,,,,,,1.2932290086538236,0.04146858163840173,1.6623012250992562e-213,1.2119520821525973,1.37450593515505,nwet,horse,0.9930371575024177,0.09478569250046608,1.1058418162451856e-25,0.8072606139518159,1.1788137010530195,,,,,
logRP,34530,1056,0.12703402976750944,True,nwet_frac+logP,,,,,,0.29322900865382084,0.04146858163840169,1.5369639704092718e-12,0.21195208215259453,0.37450593515504715,nwet,horse,0.9930371575024212,0.094785692500466,1.10584181624467e-25,0.8072606139518195,1.1788137010530229,,,,,
logR,34530,1056,0.3534603101951833,True,p95share+logP,,,,,,1.3646232969412855,0.037017394285224776,1.720710401343149e-297,1.2920705373407262,1.4371760565418448,p95,horse,,,,,,-0.4738273442147298,0.05805299987144771,3.2958052756297366e-16,-0.5876091331572757,-0.36004555527218385
logRP,34530,1056,0.1257001702221725,True,p95share+logP,,,,,,0.36462329694128676,0.0370173942852248,6.850781623513277e-23,0.29207053734072735,0.43717605654184616,p95,horse,,,,,,-0.4738273442147256,0.05805299987144771,3.295805275631734e-16,-0.5876091331572715,-0.36004555527217974
logR,34530,1056,0.35477169291639543,True,GP+nwet_frac+logP,-1.05325772403647,0.335905811962961,0.0017151781319536246,-1.7116210176815572,-0.39489443039138283,1.3319661690481477,0.04509832745909057,1.032113811971079e-191,1.2435750714653364,1.420357266630959,GP_nwet,horse,0.31031696464157094,0.24013713940242704,0.1962709471052303,-0.1603431799376604,0.7809771092208022,,,,,
logRP,34530,1056,0.1274735210434894,True,GP+nwet_frac+logP,-1.053257724036484,0.33590581196296077,0.0017151781319533676,-1.7116210176815707,-0.39489443039139727,0.3319661690481488,0.045098327459090586,1.8261701706708656e-13,0.24357507146533747,0.4203572666309601,GP_nwet,horse,0.3103169646415575,0.240137139402427,0.1962709471052495,-0.16034317993767377,0.7809771092207888,,,,,
logR,34530,1056,0.3549230581088786,True,GP+p95share+logP,-2.170011562450747,0.33490413776452305,9.202669966699349e-11,-2.8264116107426527,-1.5136115141588413,1.3581393606822818,0.03716133985279074,1.9823698186038678e-292,1.285304472953559,1.4309742484110046,GP_p95,horse,,,,,,0.34222862629042927,0.14580033002416187,0.018912977481773972,0.05646523050901808,0.6279920220718405
logRP,34530,1056,0.12767820849595235,True,GP+p95share+logP,-2.170011562450745,0.33490413776452316,9.202669966699885e-11,-2.826411610742651,-1.5136115141588387,0.3581393606822813,0.037161339852790735,5.556813234548892e-22,0.2853044729535585,0.4309742484110041,GP_p95,horse,,,,,,0.34222862629043,0.145800330024162,0.018912977481773837,0.05646523050901853,0.6279920220718415
logR,34530,1056,0.3549249453162543,True,GP+nwet_frac+p95share+logP,-2.056994177605094,0.6346223671320054,0.0011899069585289573,-3.3008311609673804,-0.813157194242808,1.3535246568081682,0.044800279538100216,1.6271966191821108e-200,1.265717722416165,1.4413315912001714,all3,horse,0.06389626270673165,0.27912481069223904,0.8189338493834665,-0.48317831344161744,0.6109708388550807,0.3267126187095509,0.16861069950349675,0.05266297162149198,-0.00375827972540832,0.6571835171445101
logRP,34530,1056,0.12768076052038857,True,GP+nwet_frac+p95share+logP,-2.0569941776050653,0.6346223671320061,0.0011899069585291644,-3.300831160967353,-0.8131571942427775,0.35352465680816697,0.044800279538100216,2.994717761133526e-15,0.2657177224161638,0.4413315912001701,all3,horse,0.06389626270675056,0.2791248106922392,0.818933849383414,-0.4831783134415989,0.6109708388551,0.32671261870954477,0.16861069950349664,0.052662971621496225,-0.003758279725414204,0.6571835171445037
