y,xvars,n,n_sites,r2_within,ok,beta_logQ,se_logQ,ci95_lo_logQ,ci95_hi_logQ,sample,family,p_logQ,beta_GP,se_GP,p_GP,ci95_lo_GP,ci95_hi_GP,beta_logQ_x_GP,se_logQ_x_GP,p_logQ_x_GP,ci95_lo_logQ_x_GP,ci95_hi_logQ_x_GP,beta_logP,se_logP,p_logP,ci95_lo_logP,ci95_hi_logP,beta_frac_q10_dry,se_frac_q10_dry,p_frac_q10_dry,ci95_lo_frac_q10_dry,ci95_hi_frac_q10_dry,beta_logPET,se_logPET,p_logPET,ci95_lo_logPET,ci95_hi_logPET,beta_GP_x_logPET,se_GP_x_logPET,p_GP_x_logPET,ci95_lo_GP_x_logPET,ci95_hi_GP_x_logPET,beta_logP_lag,se_logP_lag,p_logP_lag,ci95_lo_logP_lag,ci95_hi_logP_lag,beta_GP_x_logP_lag,se_GP_x_logP_lag,p_GP_x_logP_lag,ci95_lo_GP_x_logP_lag,ci95_hi_GP_x_logP_lag,beta_GP_dry,se_GP_dry,p_GP_dry,ci95_lo_GP_dry,ci95_hi_GP_dry,beta_logP_dry,se_logP_dry,p_logP_dry,ci95_lo_logP_dry,ci95_hi_logP_dry,beta_GP_wet,se_GP_wet,p_GP_wet,ci95_lo_GP_wet,ci95_hi_GP_wet,beta_logP_wet,se_logP_wet,p_logP_wet,ci95_lo_logP_wet,ci95_hi_logP_wet
logC,logQ,6340,189,0.06364063213518745,True,0.08355364601562823,0.022791787566280208,0.038882563242431216,0.12822472878882524,TP_dry_NE,cq_all,,,,,,,,,,,,,,,,,,,,,,,,,,,,,,,,,,,,,,,,,,,,,,,,,,,,,,,,,,,,,
logC,logQ,3286,189,0.06664389267638615,True,0.0554410519889503,0.023945970183846248,0.008507812853741678,0.10237429112415893,TP_dry_NE,cq_gp_hi,,,,,,,,,,,,,,,,,,,,,,,,,,,,,,,,,,,,,,,,,,,,,,,,,,,,,,,,,,,,,
logC,logQ,3054,187,0.06632900293887456,True,0.11593965077587899,0.028293108362500746,0.060486177374688505,0.17139312417706948,TP_dry_NE,cq_gp_lo,,,,,,,,,,,,,,,,,,,,,,,,,,,,,,,,,,,,,,,,,,,,,,,,,,,,,,,,,,,,,
logC,logQ+GP+logQ_x_GP+logP,6290,189,0.06885363992408011,True,0.07827111581309708,0.023063929571027326,0.03306664451191518,0.12347558711427897,TP_dry_NE,cq_x_gp,0.0006896547015776544,1.7423130565465998,0.5544903120696809,0.0016769006561566527,0.6555320151136501,2.8290940979795494,-0.43974372112407045,0.46153709074818006,0.3407010975696906,-1.344339796519898,0.4648523542717571,0.19308215444721638,0.16152885562670857,0.23195360790405128,-0.12350858504510248,0.5096728939395352,,,,,,,,,,,,,,,,,,,,,,,,,,,,,,,,,,,,,,,,,,,,,
logC,logQ,8285,292,0.0286753551642297,True,0.0601427185912819,0.01585723498730721,0.029063109121771312,0.0912223280607925,TP_dry_South,cq_all,,,,,,,,,,,,,,,,,,,,,,,,,,,,,,,,,,,,,,,,,,,,,,,,,,,,,,,,,,,,,
logC,logQ,4243,285,0.03862408953845076,True,0.06837259673296969,0.01780729159513708,0.033470946544298205,0.10327424692164118,TP_dry_South,cq_gp_hi,,,,,,,,,,,,,,,,,,,,,,,,,,,,,,,,,,,,,,,,,,,,,,,,,,,,,,,,,,,,,
logC,logQ,4042,292,0.03623201055920788,True,0.044433923309593906,0.01947956450012112,0.006254678454831533,0.08261316816435628,TP_dry_South,cq_gp_lo,,,,,,,,,,,,,,,,,,,,,,,,,,,,,,,,,,,,,,,,,,,,,,,,,,,,,,,,,,,,,
logC,logQ+GP+logQ_x_GP+logP,8031,285,0.03165774395783827,True,0.07329423117477499,0.01657605883994234,0.04080575284287122,0.10578270950667876,TP_dry_South,cq_x_gp,9.793086718452385e-06,0.5430346215765257,0.6695342174004264,0.417329329048597,-0.7692283309455209,1.8552975740985724,0.05061303311227718,0.4167084915893436,0.9033274182348684,-0.7661206024548483,0.8673466686794026,-0.1324510195468669,0.06044211130927321,0.028425040092544922,-0.25091538086260345,-0.013986658231130308,,,,,,,,,,,,,,,,,,,,,,,,,,,,,,,,,,,,,,,,,,,,,
logC,logQ,29980,1071,0.025263880408985195,True,0.06814742382395833,0.008961213117989718,0.0505837688549106,0.08571107879300606,TP_dry_all,cq_all,,,,,,,,,,,,,,,,,,,,,,,,,,,,,,,,,,,,,,,,,,,,,,,,,,,,,,,,,,,,,
logC,logQ,15665,1062,0.024586428780399516,True,0.06826791587466131,0.009955668959919088,0.04875516327121657,0.08778066847810606,TP_dry_all,cq_gp_hi,,,,,,,,,,,,,,,,,,,,,,,,,,,,,,,,,,,,,,,,,,,,,,,,,,,,,,,,,,,,,
logC,logQ,14315,1063,0.02409241397955486,True,0.06898694224565728,0.010875236745167506,0.04767186990178237,0.09030201458953219,TP_dry_all,cq_gp_lo,,,,,,,,,,,,,,,,,,,,,,,,,,,,,,,,,,,,,,,,,,,,,,,,,,,,,,,,,,,,,
logC,logQ+GP+logQ_x_GP+logP,29483,1064,0.026775677558397604,True,0.0730824421664329,0.009156419325755106,0.055136190060606376,0.09102869427225943,TP_dry_all,cq_x_gp,1.4450401452692884e-15,0.7455101538148198,0.30573379035794124,0.014751254400192397,0.14628293585633567,1.344737371773304,-0.22614869890140016,0.21923253463816833,0.30228430386636906,-0.6558365710316401,0.2035391732288397,-0.0020370906018903866,0.03181205990568888,0.9489422242096276,-0.06438758229107126,0.0603134010872905,,,,,,,,,,,,,,,,,,,,,,,,,,,,,,,,,,,,,,,,,,,,,
logC,logQ,10357,466,0.019998737658036725,True,0.026941376594564553,0.025833043847513046,-0.02369045895760504,0.07757321214673416,NO3_dry_lowcrop,cq_all,,,,,,,,,,,,,,,,,,,,,,,,,,,,,,,,,,,,,,,,,,,,,,,,,,,,,,,,,,,,,
logC,logQ,5326,451,0.02654905752477532,True,0.06097950678558713,0.030150406647279467,0.0018857956376823332,0.12007321793349193,NO3_dry_lowcrop,cq_gp_hi,,,,,,,,,,,,,,,,,,,,,,,,,,,,,,,,,,,,,,,,,,,,,,,,,,,,,,,,,,,,,
logC,logQ,5031,441,0.021523208331640453,True,0.005914134470878893,0.02818534755159494,-0.04932813162199138,0.061156400563749165,NO3_dry_lowcrop,cq_gp_lo,,,,,,,,,,,,,,,,,,,,,,,,,,,,,,,,,,,,,,,,,,,,,,,,,,,,,,,,,,,,,
logC,logQ+GP+logQ_x_GP+logP,10141,460,0.024465960878038207,True,0.0308274567913848,0.027351656684591028,-0.02278080522791783,0.08443571881068743,NO3_dry_lowcrop,cq_x_gp,0.25970940698251177,0.9387766422845532,0.34913261807728097,0.007169161504613932,0.25448928502490464,1.6230639995442018,0.5196559974194768,0.3976872507687518,0.191316270258729,-0.2597966911980256,1.2991086860369792,0.16016986661210444,0.06541415817571276,0.01434323406047247,0.0319604725087011,0.2883792607155078,,,,,,,,,,,,,,,,,,,,,,,,,,,,,,,,,,,,,,,,,,,,,
logC,logQ,9576,444,0.058433344702688905,True,0.15915422000058052,0.025767137415275608,0.10865155868194583,0.20965688131921523,NO3_dry_highcrop,cq_all,,,,,,,,,,,,,,,,,,,,,,,,,,,,,,,,,,,,,,,,,,,,,,,,,,,,,,,,,,,,,
logC,logQ,5133,437,0.06885963051246213,True,0.17944733171458335,0.028994887547901433,0.12261839638490767,0.23627626704425903,NO3_dry_highcrop,cq_gp_hi,,,,,,,,,,,,,,,,,,,,,,,,,,,,,,,,,,,,,,,,,,,,,,,,,,,,,,,,,,,,,
logC,logQ,4443,421,0.049522846171004886,True,0.13051227447752878,0.029165008245053213,0.07334990870841075,0.18767464024664682,NO3_dry_highcrop,cq_gp_lo,,,,,,,,,,,,,,,,,,,,,,,,,,,,,,,,,,,,,,,,,,,,,,,,,,,,,,,,,,,,,
logC,logQ+GP+logQ_x_GP+logP,9440,442,0.05997759870428021,True,0.15541491283419637,0.026591536288681834,0.10329645941479007,0.20753336625360266,NO3_dry_highcrop,cq_x_gp,5.080141172372227e-09,-0.5386951627373624,0.45746554827524216,0.2389702928949935,-1.4353111615247065,0.3579208360499817,1.3154794355787345,0.4351888332341704,0.002504655216890232,0.4625249959657528,2.1684338751917163,0.00841910477024284,0.04617443822986776,0.8553217266631984,-0.08208113116666738,0.09891934070715305,,,,,,,,,,,,,,,,,,,,,,,,,,,,,,,,,,,,,,,,,,,,,
logC,logQ,6330,250,0.02720443570514841,True,-0.055566565546837955,0.025541588011779654,-0.10562715815788609,-0.0055059729357898254,NO3_wet_South,cq_all,,,,,,,,,,,,,,,,,,,,,,,,,,,,,,,,,,,,,,,,,,,,,,,,,,,,,,,,,,,,,
logC,logQ,3224,240,0.023169682889370824,True,-0.02902134773189461,0.029144436531276508,-0.08614339368291002,0.028100698219120805,NO3_wet_South,cq_gp_hi,,,,,,,,,,,,,,,,,,,,,,,,,,,,,,,,,,,,,,,,,,,,,,,,,,,,,,,,,,,,,
logC,logQ,3106,237,0.052856980186215985,True,-0.08525770581835981,0.027872962300461407,-0.13988770806970685,-0.030627703567012762,NO3_wet_South,cq_gp_lo,,,,,,,,,,,,,,,,,,,,,,,,,,,,,,,,,,,,,,,,,,,,,,,,,,,,,,,,,,,,,
logC,logQ+GP+logQ_x_GP+logP,6108,244,0.026365414241616647,True,-0.03777638194784626,0.026123238016455178,-0.08897698761966596,0.01342422372397345,NO3_wet_South,cq_x_gp,0.1481537993243619,1.4188038305376762,0.5273921301693005,0.007140372163998383,0.3851342496759871,2.4524734113993656,1.1668029603891652,0.6155664926814904,0.05802690699253456,-0.03968519535619475,2.373291116134525,-0.021535659160605396,0.060068350933827376,0.7199547766325853,-0.13926746360161998,0.09619614528040918,,,,,,,,,,,,,,,,,,,,,,,,,,,,,,,,,,,,,,,,,,,,,
logC,logQ,21012,984,0.05300854042764036,True,0.08553854930301538,0.009967470801084415,0.06600266551593532,0.10507443309009544,TN_dry_all,cq_all,,,,,,,,,,,,,,,,,,,,,,,,,,,,,,,,,,,,,,,,,,,,,,,,,,,,,,,,,,,,,
logC,logQ,10977,961,0.06469419687764566,True,0.10079545561404019,0.01142919114152357,0.07839465260422976,0.12319625862385061,TN_dry_all,cq_gp_hi,,,,,,,,,,,,,,,,,,,,,,,,,,,,,,,,,,,,,,,,,,,,,,,,,,,,,,,,,,,,,
logC,logQ,10035,932,0.044287817370369686,True,0.06663673365734743,0.011464766549951108,0.04416620412828373,0.08910726318641113,TN_dry_all,cq_gp_lo,,,,,,,,,,,,,,,,,,,,,,,,,,,,,,,,,,,,,,,,,,,,,,,,,,,,,,,,,,,,,
logC,logQ+GP+logQ_x_GP+logP,20656,977,0.05555578897306257,True,0.08664261405220251,0.010557069901198403,0.06595113726358182,0.10733409084082321,TN_dry_all,cq_x_gp,2.266510147524311e-16,0.3866622054596596,0.2179232564491045,0.07601280354704777,-0.040459528574271264,0.8137839394935905,0.529817690148203,0.19825317841951104,0.0075304142068429525,0.14124860062536793,0.9183867796710381,0.0389470910935514,0.037332212130996155,0.29682928720478163,-0.03422270014641037,0.11211688233351316,,,,,,,,,,,,,,,,,,,,,,,,,,,,,,,,,,,,,,,,,,,,,
frac_q10,GP+logP,34995,1074,0.2209658368719728,True,,,,,all,lowflow,,0.5663635918274125,0.03402871623842159,3.362130306801841e-62,0.49966853355997287,0.6330586500948521,,,,,,-0.2065390107000949,0.006810624414604493,5.207521652098921e-202,-0.2198875892649489,-0.1931904321352409,,,,,,,,,,,,,,,,,,,,,,,,,,,,,,,,,,,,,,,,,,,,,
spell_q10,GP+logP,34995,1074,0.15819961204531685,True,,,,,all,lowflow,,110.75902248724108,7.0563247275160705,1.6002641979945403e-55,96.92888015809018,124.58916481639199,,,,,,-35.74363239894249,1.3164038731462733,2.366792201452937e-162,-38.32373657941822,-33.16352821846676,,,,,,,,,,,,,,,,,,,,,,,,,,,,,,,,,,,,,,,,,,,,,
frac_q10_dry,GP+logP,34993,1074,0.17866444084874245,True,,,,,all,lowflow,,1.173398092762593,0.07000801922258537,4.7135607547361753e-63,1.036184896457338,1.3106112890678483,,,,,,-0.36658791160672394,0.013702344831730185,1.1193756625044155e-157,-0.39344401398066364,-0.33973180923278423,,,,,,,,,,,,,,,,,,,,,,,,,,,,,,,,,,,,,,,,,,,,,
frac_q10,GP+logP,6495,189,0.4798883878844582,True,,,,,Northeast,lowflow,,0.06545097858173796,0.046959923263998664,0.16338934513524161,-0.02658877973246404,0.15749073689593995,,,,,,-0.19456282230105867,0.015642394998864204,1.6216994547782104e-35,-0.22522135313078198,-0.16390429147133537,,,,,,,,,,,,,,,,,,,,,,,,,,,,,,,,,,,,,,,,,,,,,
frac_q10_dry,GP+logP,6495,189,0.48680541100293306,True,,,,,Northeast,lowflow,,0.19345556887952614,0.11205570484433636,0.08427130442315765,-0.026169576877623585,0.41308071463667584,,,,,,-0.4450832166125666,0.03474512590161729,1.4423329498479915e-37,-0.5131824120180463,-0.37698402120708696,,,,,,,,,,,,,,,,,,,,,,,,,,,,,,,,,,,,,,,,,,,,,
frac_q10,GP+logP,8915,287,0.33411062858334095,True,,,,,South,lowflow,,0.4977368959645609,0.07649547913772345,7.679447389275749e-11,0.34780851187448786,0.6476652800546339,,,,,,-0.23584473505447748,0.0109828496594109,2.7304533930584476e-102,-0.2573707248345408,-0.2143187452744141,,,,,,,,,,,,,,,,,,,,,,,,,,,,,,,,,,,,,,,,,,,,,
frac_q10_dry,GP+logP,8914,287,0.2996932210761213,True,,,,,South,lowflow,,0.9365639532095128,0.14063864841053395,2.750150377824886e-11,0.660917267490475,1.2122106389285507,,,,,,-0.410194423465264,0.02187851705477075,1.9826698052542953e-78,-0.45307552892776004,-0.367313318002768,,,,,,,,,,,,,,,,,,,,,,,,,,,,,,,,,,,,,,,,,,,,,
frac_q10,GP+logP,8211,262,0.385540132629531,True,,,,,Interior,lowflow,,0.267005086001397,0.06930611369755713,0.00011689535368424861,0.13116759924574692,0.40284257275704705,,,,,,-0.3147692442925306,0.010313314709689487,1.3861563967177406e-204,-0.33498296968474917,-0.29455551890031206,,,,,,,,,,,,,,,,,,,,,,,,,,,,,,,,,,,,,,,,,,,,,
frac_q10_dry,GP+logP,8211,262,0.30627819467813455,True,,,,,Interior,lowflow,,0.504558074866462,0.15067024038536975,0.0008117485439351856,0.20924983016914495,0.799866319563779,,,,,,-0.5773525764259926,0.02698914892648126,1.5852188992862422e-101,-0.6302503362952837,-0.5244548165567015,,,,,,,,,,,,,,,,,,,,,,,,,,,,,,,,,,,,,,,,,,,,,
frac_q10,GP+logP,11374,336,0.23671322349687918,True,,,,,West,lowflow,,0.7114531954694944,0.06739814559780993,4.766607105187224e-26,0.5793552574730001,0.8435511334659886,,,,,,-0.09787444623445488,0.008271853748644285,2.659916051184722e-32,-0.11408698166718031,-0.08166191080172944,,,,,,,,,,,,,,,,,,,,,,,,,,,,,,,,,,,,,,,,,,,,,
frac_q10_dry,GP+logP,11373,336,0.18821756615264273,True,,,,,West,lowflow,,1.4100106960684207,0.13298125374758285,2.8832922301425025e-26,1.149372228104176,1.6706491640326653,,,,,,-0.13027941279459815,0.014942777647965894,2.8177732787642507e-18,-0.15956671881360143,-0.10099210677559486,,,,,,,,,,,,,,,,,,,,,,,,,,,,,,,,,,,,,,,,,,,,,
logC_low,GP+logP,3157,167,0.07798708252750586,True,,,,,TP_NE,c_dry,,1.828934104305712,0.5333631812885595,0.00060567664507738,0.7835614783004277,2.8743067303109964,,,,,,0.1786695796870915,0.15589171783403089,0.2517482525608976,-0.1268725727556895,0.48421173212987245,,,,,,,,,,,,,,,,,,,,,,,,,,,,,,,,,,,,,,,,,,,,,
logC_low,GP+logP+frac_q10_dry,3157,167,0.07804157462149619,True,,,,,TP_NE,c_dry_ctrl_q10,,1.8373375835845147,0.5335562772705406,0.0005740911668583232,0.7915864964089883,2.883088670760041,,,,,,0.17119722518577168,0.14986024388235786,0.25329643420357784,-0.12252345553803867,0.46491790590958204,-0.021475358044987226,0.07006855631268609,0.7592310904047107,-0.15880720486656863,0.11585648877659417,,,,,,,,,,,,,,,,,,,,,,,,,,,,,,,,,,,,,,,,
logLoad_dry,GP+logP,3157,167,0.3391898463617785,True,,,,,TP_NE,load_dry,,1.855282323341959,0.6237079826204536,0.002933699614997989,0.632837140535736,3.0777275061481824,,,,,,1.3606070727928208,0.20012512554135703,1.0550743014349466e-11,0.968369034330204,1.7528451112554375,,,,,,,,,,,,,,,,,,,,,,,,,,,,,,,,,,,,,,,,,,,,,
logLoad_dry,GP+logP+frac_q10_dry,3157,167,0.4475282664332154,True,,,,,TP_NE,load_dry_ctrl_q10,,2.4576840209253032,0.6007898888559463,4.299718452977341e-05,1.2801574764918264,3.63521056535878,,,,,,0.8249528649105098,0.15461693386665937,9.530128226010626e-08,0.5219092431318461,1.1279964866891734,-1.5394566599512394,0.0973623746404413,2.58736204958741e-56,-1.7302834076958002,-1.3486299122066785,,,,,,,,,,,,,,,,,,,,,,,,,,,,,,,,,,,,,,,,
logC_low,GP+logP,4132,268,0.029653256223858615,True,,,,,TP_South,c_dry,,0.26007521070655265,0.6720401598836345,0.6987609791625753,-1.0570992988299106,1.577249720243016,,,,,,0.03119277672242247,0.061904562351347094,0.6143422336690288,-0.090137935964932,0.15252348940977695,,,,,,,,,,,,,,,,,,,,,,,,,,,,,,,,,,,,,,,,,,,,,
logC_low,GP+logP+frac_q10_dry,4117,267,0.03055274250722473,True,,,,,TP_South,c_dry_ctrl_q10,,0.3525669225667274,0.6802148896726566,0.604237132654099,-0.9806297629395659,1.6857636080730207,,,,,,-0.000919585676167814,0.0620094220861317,0.9881679864787333,-0.12245581966712854,0.1206166483147929,-0.08276102386084644,0.06172538733059149,0.1799873717404823,-0.2037405599605907,0.03821851223889783,,,,,,,,,,,,,,,,,,,,,,,,,,,,,,,,,,,,,,,,
logLoad_dry,GP+logP,4037,260,0.17183564526234152,True,,,,,TP_South,load_dry,,-2.661298378730021,0.9729511911086927,0.006232636879150346,-4.568247672018406,-0.7543490854416361,,,,,,1.7724472340390007,0.13133562371750682,1.660978892846349e-41,1.5150341416655828,2.0298603264124186,,,,,,,,,,,,,,,,,,,,,,,,,,,,,,,,,,,,,,,,,,,,,
logLoad_dry,GP+logP+frac_q10_dry,4024,259,0.29662547296711006,True,,,,,TP_South,load_dry_ctrl_q10,,-0.8977860865172493,0.9187030176032224,0.3284542556594626,-2.6984109135078325,0.9028387404733338,,,,,,0.947806628739962,0.11365791238982999,7.484733170504753e-17,0.7250412138978864,1.1705720435820375,-1.9351414313134223,0.10342588108393509,4.0717165600241574e-78,-2.1378524333072577,-1.7324304293195871,,,,,,,,,,,,,,,,,,,,,,,,,,,,,,,,,,,,,,,,
logC_low,GP+logP,4788,304,0.026197256687564563,True,,,,,NO3_lowcrop,c_dry,,0.9440021530907516,0.38074977984579944,0.013163159146830876,0.19774629747143024,1.6902580087100731,,,,,,0.14075221179467004,0.06668864966460233,0.03480780698163181,0.01004486027444032,0.27145956331489973,,,,,,,,,,,,,,,,,,,,,,,,,,,,,,,,,,,,,,,,,,,,,
logC_low,GP+logP+frac_q10_dry,4788,304,0.02753968468130874,True,,,,,NO3_lowcrop,c_dry_ctrl_q10,,1.0589285411970597,0.3880512438470215,0.006355813668436157,0.29836207910092727,1.8194950032931922,,,,,,0.1123612448677305,0.06477140658816291,0.08278770232793455,-0.01458837927306919,0.23931086900853019,-0.08764760410725889,0.04855655545401901,0.071064945124493,-0.18281670401045808,0.007521495795940303,,,,,,,,,,,,,,,,,,,,,,,,,,,,,,,,,,,,,,,,
logLoad_dry,GP+logP,4722,298,0.15545599205803595,True,,,,,NO3_lowcrop,load_dry,,-0.6619326649464609,0.5353078731047419,0.21625577822765119,-1.7111168168724924,0.3872514869795708,,,,,,1.2541653084069844,0.1421177402669574,1.0962338022054004e-18,0.97561965591953,1.5327109608944387,,,,,,,,,,,,,,,,,,,,,,,,,,,,,,,,,,,,,,,,,,,,,
logLoad_dry,GP+logP+frac_q10_dry,4722,298,0.32011400340298857,True,,,,,NO3_lowcrop,load_dry_ctrl_q10,,1.3955991352764407,0.4913138236222168,0.0045036486750394756,0.43264173587023136,2.3585565346826503,,,,,,0.7501249426625636,0.10191303291314222,1.8330260485793715e-13,0.5503790685975597,0.9498708167275675,-1.5364767339726682,0.0773348658148742,7.72564639472741e-88,-1.6880502857190594,-1.384903182226277,,,,,,,,,,,,,,,,,,,,,,,,,,,,,,,,,,,,,,,,
logC_low,GP+logP,4554,308,0.023951432430063035,True,,,,,NO3_highcrop,c_dry,,-0.8854319331660564,0.48764473447568984,0.06941156073666543,-1.8411980499890062,0.07033418365689337,,,,,,0.24470422040238407,0.06312273454138866,0.00010590817261003507,0.12098593409557985,0.3684225067091883,,,,,,,,,,,,,,,,,,,,,,,,,,,,,,,,,,,,,,,,,,,,,
logC_low,GP+logP+frac_q10_dry,4541,307,0.04279682251839634,True,,,,,NO3_highcrop,c_dry_ctrl_q10,,-0.5340008483893782,0.4894566513251374,0.2752696086317421,-1.4933182569802264,0.42531656020147,,,,,,0.10304105774728238,0.05684001886573615,0.06985867957913094,-0.008363332110137692,0.21444544760470247,-0.3808856883637329,0.06836348347984493,2.5258632850351235e-08,-0.5148756538419279,-0.24689572288553785,,,,,,,,,,,,,,,,,,,,,,,,,,,,,,,,,,,,,,,,
logLoad_dry,GP+logP,4456,302,0.19264716341182497,True,,,,,NO3_highcrop,load_dry,,-2.9716474264989854,0.798712817357023,0.0001987928737154016,-4.537095782509269,-1.406199070488702,,,,,,1.9592919234546964,0.1645737578516858,1.111281905624287e-32,1.6367332852649763,2.2818505616444167,,,,,,,,,,,,,,,,,,,,,,,,,,,,,,,,,,,,,,,,,,,,,
logLoad_dry,GP+logP+frac_q10_dry,4445,301,0.3659349258403002,True,,,,,NO3_highcrop,load_dry_ctrl_q10,,-1.1849884884799395,0.716109271362797,0.09797332951301922,-2.588536869346242,0.21855989238636298,,,,,,1.1386276426626367,0.11713270994861702,2.4575995794038543e-22,0.9090517497517709,1.3682035355735025,-2.1097339666360257,0.09388260304352135,7.792178508473675e-112,-2.293740487376198,-1.9257274458958533,,,,,,,,,,,,,,,,,,,,,,,,,,,,,,,,,,,,,,,,
logR,GP+logPET+GP_x_logPET+logP,19510,1056,0.4170776645119185,True,,,,,all,gp_x_pet,,-0.012976609929945879,0.153205844762228,0.9324995074031923,-0.3132545478849473,0.28730132802505554,,,,,,1.085164442561823,0.0523698927917328,2.232848245515772e-95,0.982521338815803,1.187807546307843,,,,,,-1.5061332422310043,0.09962105847975904,1.2206820869943259e-51,-1.7013869289530905,-1.310879555508918,3.306235955846394,1.325886623579924,0.012645359612278851,0.7075459260463273,5.904925985646461,,,,,,,,,,,,,,,,,,,,,,,,,,,,,,
logR_dry,GP+logPET+GP_x_logPET+logP,19480,1056,0.23092983630220365,True,,,,,all,gp_x_pet,,0.29792184633784907,0.29050019980723685,0.3051047743421482,-0.27144808278602467,0.8672917754617229,,,,,,0.8129508438650164,0.058205708666851104,2.4834478935317553e-44,0.6988697511833574,0.9270319365466754,,,,,,-3.2312470111766163,0.13480168501353404,5.666164543279721e-127,-3.4954534588584556,-2.967040563494777,3.4334103891165704,2.2829139723572247,0.1325917688921207,-1.0410187765068581,7.907839554739999,,,,,,,,,,,,,,,,,,,,,,,,,,,,,,
logR,GP+logP_lag+GP_x_logP_lag+logP,33474,1056,0.3853553728131224,True,,,,,all,gp_x_lagP,,-1.400994574675206,0.131417725298608,1.5555511525534053e-26,-1.658568583190656,-1.1434205661597558,,,,,,1.3230314080475194,0.03868162404837437,2.1745904767043464e-256,1.2472168180491872,1.3988459980458516,,,,,,,,,,,,,,,,0.5717765370342598,0.025666813377673122,6.192319856085857e-110,0.5214705072161097,0.6220825668524099,0.6504741765545282,0.919385536140587,0.4792497924889415,-1.1514883621880707,2.452436715297127,,,,,,,,,,,,,,,,,,,,
logR_dry,GP+logP_lag+GP_x_logP_lag+logP,33405,1056,0.18818933546397065,True,,,,,all,gp_x_lagP,,-2.413734664901684,0.21941583771748618,3.7904552981787e-28,-2.8437818044656424,-1.983687525337726,,,,,,1.4163587169772853,0.053857704055654376,2.0127386522624474e-152,1.310799556738186,1.5219178772163846,,,,,,,,,,,,,,,,0.6282255619582462,0.03356079633382204,3.4640021250965624e-78,0.5624476098514711,0.6940035140650213,2.435283240920179,1.3362400257251092,0.06838076540040262,-0.1836990842019106,5.054265566042268,,,,,,,,,,,,,,,,,,,,
logR,GP+logP,9898,585,0.44527940911172126,True,,,,,high_PET,pet_split,,-0.8688350229145148,0.1873543079717566,3.5283601589101188e-06,-1.236042718887583,-0.5016273269414463,,,,,,1.3148860120881656,0.07106890435274595,2.0056155520826802e-76,1.1755935191360616,1.4541785050402696,,,,,,,,,,,,,,,,,,,,,,,,,,,,,,,,,,,,,,,,,,,,,
logR,GP+logP,9612,566,0.37317778709051475,True,,,,,low_PET,pet_split,,-1.3706247596869345,0.2919948970642494,2.6791083278779845e-06,-1.9429242416023438,-0.7983252777715253,,,,,,1.3628468406625354,0.06130292219861998,1.7090910121145885e-109,1.2426953210061793,1.4829983603188914,,,,,,,,,,,,,,,,,,,,,,,,,,,,,,,,,,,,,,,,,,,,,
logR,GP+logP,6462,188,0.6877652126698778,True,,,,,Northeast,pet_check,,-0.19714976207906085,0.09083291945327548,0.029971562689578242,-0.37517901281810845,-0.019120511340013246,,,,,,0.7802266214178627,0.05016633690475421,1.5231736903326635e-54,0.6819024078482419,0.8785508349874835,,,,,,,,,,,,,,,,,,,,,,,,,,,,,,,,,,,,,,,,,,,,,
logR,GP+logPET+GP_x_logPET+logP,3807,188,0.6981973083088878,True,,,,,Northeast,gp_x_pet,,-0.13788721270964185,0.13013226623540025,0.28932988932196446,-0.39294176775760403,0.11716734233832035,,,,,,0.697507753035152,0.06826984817588952,1.665443418048987e-24,0.5637013093803911,0.8313141966899129,,,,,,-0.6446527349798403,0.07413972962796798,3.4650915253952133e-18,-0.7899639348741947,-0.4993415350854859,1.91714063722736,1.0477137127282246,0.06727498438195739,-0.13634050582870438,3.9706217802834245,,,,,,,,,,,,,,,,,,,,,,,,,,,,,,
logR,GP+logP,8690,279,0.4370492175316696,True,,,,,South,pet_check,,-0.9939863922330806,0.30860931324541374,0.0012780800996606417,-1.5988495314877316,-0.38912325297842976,,,,,,1.7251503532813417,0.059312094627568986,5.400582547497848e-186,1.6089007839636749,1.8413999225990085,,,,,,,,,,,,,,,,,,,,,,,,,,,,,,,,,,,,,,,,,,,,,
logR,GP+logPET+GP_x_logPET+logP,5168,279,0.48404294286038807,True,,,,,South,gp_x_pet,,-0.8312920575633493,0.3573346528183181,0.019998903962157272,-1.5316551075153768,-0.13092900761132176,,,,,,1.4847857227101355,0.08096041707863708,3.9935901505896407e-75,1.3261062210626653,1.6434652243576058,,,,,,-0.9320649476614833,0.14652307056910308,2.0016231104723468e-10,-1.219244888881146,-0.6448850064418206,3.65965822454657,2.952609344232529,0.21517305641326878,-2.127349750565614,9.446666199658754,,,,,,,,,,,,,,,,,,,,,,,,,,,,,,
logR,GP+logP,8185,261,0.5712915315880753,True,,,,,Interior,pet_check,,-0.6337253990474673,0.19955323704781272,0.0014946464174728064,-1.0248425566595643,-0.2426082414353703,,,,,,1.5737349014241129,0.045387034283123594,1.9653977910698207e-263,1.484777948864106,1.6626918539841198,,,,,,,,,,,,,,,,,,,,,,,,,,,,,,,,,,,,,,,,,,,,,
logR,GP+logPET+GP_x_logPET+logP,4329,261,0.6051637004553849,True,,,,,Interior,gp_x_pet,,0.28949132422701224,0.26773677404413343,0.2795843653126262,-0.2352631102364276,0.8142457586904521,,,,,,1.4129072202828623,0.06849787497936664,1.5702526653434213e-94,1.2786538523057764,1.5471605882599482,,,,,,-1.3185942136330835,0.13922874251352696,2.7796382470066644e-21,-1.591477534572397,-1.04571089269377,1.7767600127964027,2.5325941155717615,0.48295525831963815,-3.1870332411823217,6.740553266775127,,,,,,,,,,,,,,,,,,,,,,,,,,,,,,
logR,GP+logP,11193,328,0.3619570698065292,True,,,,,West,pet_check,,-2.149422824529963,0.2695800137470113,1.5458302410722997e-15,-2.6777899424259175,-1.621055706634008,,,,,,0.9169649598698831,0.0618256316629008,9.170348880673358e-50,0.7957889484891584,1.038140971250608,,,,,,,,,,,,,,,,,,,,,,,,,,,,,,,,,,,,,,,,,,,,,
logR,GP+logPET+GP_x_logPET+logP,6206,328,0.421528009346243,True,,,,,West,gp_x_pet,,0.5489886063421863,0.38744360681315565,0.15649725392090066,-0.21038690905189628,1.3083641217362687,,,,,,0.6955150948541267,0.08754234757896455,1.943493388761524e-15,0.523935246477269,0.8670949432309843,,,,,,-2.0945551294820732,0.2604034448744599,8.73081508844595e-16,-2.6049365028861757,-1.5841737560779705,-1.0506927777771482,2.6569996638130084,0.6925157413476783,-6.258316425785677,4.15693087023138,,,,,,,,,,,,,,,,,,,,,,,,,,,,,,
logR_dry,GP_dry+logP_dry,34439,1056,0.1378971477716079,True,,,,,all,gp_season,,,,,,,,,,,,,,,,,,,,,,,,,,,,,,,,,,,,,,,,,,-1.5653843503388714,0.18745359143008622,6.781164390403684e-17,-1.9327866383145265,-1.1979820623632162,0.49932725549482737,0.03614592738567419,2.09251205189814e-43,0.42848253963110594,0.5701719713585488,,,,,,,,,,
logR_wet,GP_wet+logP_wet,34520,1056,0.29178256003281033,True,,,,,all,gp_season,,,,,,,,,,,,,,,,,,,,,,,,,,,,,,,,,,,,,,,,,,,,,,,,,,,,-1.2284457451831952,0.13312043035269105,2.7553076871531193e-20,-1.4893569942809424,-0.9675344960854481,0.7373591709865526,0.034031564040276324,4.209923611145227e-104,0.6706585311300426,0.8040598108430626
logR_dry,GP_dry+GP+logP,34439,1056,0.177184570591299,True,,,,,all,gp_season_horse,,-0.31591471222468664,0.2577265127811086,0.2202833633435236,-0.8210493951367615,0.1892199706873881,,,,,,1.4737552517378991,0.05315537874756438,3.448569189526007e-169,1.3695726238080872,1.577937879667711,,,,,,,,,,,,,,,,,,,,,,,,,,-2.234758247902324,0.16300162848793945,8.841356318494648e-43,-2.5542355691600633,-1.9152809266445845,,,,,,,,,,,,,,,
logR_wet,GP_wet+GP+logP,34520,1056,0.2634723819043112,True,,,,,all,gp_season_horse,,1.4188304784366692,0.21877722516668588,8.857005988466376e-11,0.9900349964723549,1.8476259604009835,,,,,,1.2229599620625327,0.040521696493659914,4.286403733440214e-200,1.1435388963424962,1.3023810277825691,,,,,,,,,,,,,,,,,,,,,,,,,,,,,,,,,,,,-2.91883462694629,0.1517201843493788,1.7700157679402746e-82,-3.21620072399885,-2.62146852989373,,,,,
logR_dry,GP_dry+logP_dry,6461,188,0.5685834699116641,True,,,,,Northeast,gp_season,,,,,,,,,,,,,,,,,,,,,,,,,,,,,,,,,,,,,,,,,,0.14224199092438522,0.18446885474871166,0.4406539032895457,-0.21931032065244016,0.5037943025012106,0.9943194770828016,0.04324326652118438,5.398696024602839e-117,0.9095642321274134,1.0790747220381895,,,,,,,,,,
logR_wet,GP_wet+logP_wet,6462,188,0.6866702957957667,True,,,,,Northeast,gp_season,,,,,,,,,,,,,,,,,,,,,,,,,,,,,,,,,,,,,,,,,,,,,,,,,,,,0.053659296177702806,0.08125515906659264,0.5090098910527626,-0.10559788915089201,0.2129164815062976,0.6915490006465392,0.024160864607869727,3.507286828063665e-180,0.6441945761797662,0.7389034251133123
logR_dry,GP_dry+logP_dry,8672,279,0.24250760176784558,True,,,,,South,gp_season,,,,,,,,,,,,,,,,,,,,,,,,,,,,,,,,,,,,,,,,,,0.4016495728959835,0.3176514350192839,0.2060739589553896,-0.22093579937927815,1.0242349451712451,0.854531297578913,0.05055873043586851,4.3670951762564625e-64,0.7554380068205416,0.9536245883372844,,,,,,,,,,
logR_wet,GP_wet+logP_wet,8684,279,0.3656267001652407,True,,,,,South,gp_season,,,,,,,,,,,,,,,,,,,,,,,,,,,,,,,,,,,,,,,,,,,,,,,,,,,,-0.7305667254060865,0.2167055986614631,0.0007483045684820345,-1.1553018940307456,-0.3058315567814274,1.2104784622977567,0.046605163162414524,9.984761175500972e-149,1.1191340210058114,1.301822903589702
logR_dry,GP_dry+logP_dry,8181,261,0.32725913563066356,True,,,,,Interior,gp_season,,,,,,,,,,,,,,,,,,,,,,,,,,,,,,,,,,,,,,,,,,0.05678855941144065,0.2885462762846036,0.8439768578418989,-0.5087517499795263,0.6223288688024077,1.1289319622634162,0.060222314470076505,2.0842124627394374e-78,1.010898394836421,1.2469655296904114,,,,,,,,,,
logR_wet,GP_wet+logP_wet,8185,261,0.5188151537754591,True,,,,,Interior,gp_season,,,,,,,,,,,,,,,,,,,,,,,,,,,,,,,,,,,,,,,,,,,,,,,,,,,,-0.41888553395363715,0.13698573121532823,0.0022291095831001185,-0.6873726335315646,-0.1503984343757096,0.9709844335426298,0.03415672866273986,9.293931292179638e-178,0.9040384755339527,1.0379303915513067
logR_dry,GP_dry+logP_dry,11125,328,0.1381149104862801,True,,,,,West,gp_season,,,,,,,,,,,,,,,,,,,,,,,,,,,,,,,,,,,,,,,,,,-1.7515140060685115,0.2956498183940408,3.136576439752479e-09,-2.330977002156639,-1.1720510099803838,0.08787678479192226,0.02088036083604565,2.569742412680684e-05,0.046952029569072136,0.1288015400147724,,,,,,,,,,
logR_wet,GP_wet+logP_wet,11189,328,0.32082862739552587,True,,,,,West,gp_season,,,,,,,,,,,,,,,,,,,,,,,,,,,,,,,,,,,,,,,,,,,,,,,,,,,,-2.4028929351520754,0.23700785052998483,3.7295921000590556e-24,-2.867419786244098,-1.9383660840600527,0.37700940957915985,0.04055438429766942,1.4529388655911816e-20,0.2975242769405311,0.4564945422177886
logC_low,GP_dry+logP,3157,167,0.07585907860989993,True,,,,,TP_NE,c_dry_gpdry,,,,,,,,,,,,0.15732723796216352,0.15489247873516682,0.3097632041931737,-0.1462564418348996,0.46091091775922666,,,,,,,,,,,,,,,,,,,,,,,,,,0.9366648098944959,0.34550046637139736,0.006707298782757431,0.2594963391647649,1.6138332806242268,,,,,,,,,,,,,,,
logC_low,GP_dry+GP+logP,3157,167,0.07802855821726029,True,,,,,TP_NE,c_dry_horse,,1.664989778137895,0.7014605853880479,0.017615422841374583,0.290152294202938,3.039827262072852,,,,,,0.1763048355657758,0.15731718071761275,0.2624170136654346,-0.13203117279012422,0.48464084392167583,,,,,,,,,,,,,,,,,,,,,,,,,,0.15229160824196647,0.4501477353198906,0.7351260267275819,-0.7299817407072879,1.034564957191221,,,,,,,,,,,,,,,
logC_low,GP_dry+logP,4132,268,0.029646620776917376,True,,,,,TP_South,c_dry_gpdry,,,,,,,,,,,,0.02481613797496953,0.06137768743958287,0.6859784816835488,-0.09548191886096935,0.1451141948109084,,,,,,,,,,,,,,,,,,,,,,,,,,-0.14788147769373328,0.3481520007343438,0.6710107312181399,-0.8302468602786096,0.5344839048911431,,,,,,,,,,,,,,,
logC_low,GP_dry+GP+logP,4132,268,0.02990728763188477,True,,,,,TP_South,c_dry_horse,,0.6129056677791693,0.7283963615048618,0.400098537565421,-0.8147249672403771,2.040536302798716,,,,,,0.03504573422215382,0.06245408576522022,0.574699388976043,-0.08736202456505347,0.15745349300936112,,,,,,,,,,,,,,,,,,,,,,,,,,-0.361308019733292,0.3571730073551483,0.3117403201609328,-1.0613542503992426,0.3387382109326585,,,,,,,,,,,,,,,
logC_low,GP_dry+logP,4778,304,0.024436560499367266,True,,,,,NO3_lowcrop,c_dry_gpdry,,,,,,,,,,,,0.1056598714006083,0.06421818535948999,0.09990253231121392,-0.02020545905650946,0.23152520185772607,,,,,,,,,,,,,,,,,,,,,,,,,,0.15684638948622834,0.20114279549739686,0.435522545143576,-0.23738624543837486,0.5510790244108316,,,,,,,,,,,,,,,
logC_low,GP_dry+GP+logP,4778,304,0.02608145395948469,True,,,,,NO3_lowcrop,c_dry_horse,,1.2712300268479328,0.4913287743465011,0.00967227106213196,0.30824332456058356,2.234216729135282,,,,,,0.13581361023479413,0.0681086389525438,0.04614405777365587,0.0023231308517664417,0.2693040896178218,,,,,,,,,,,,,,,,,,,,,,,,,,-0.34663435850906854,0.2615990061306681,0.1851512777454467,-0.8593589889166509,0.16609027189851377,,,,,,,,,,,,,,,
