y,n,n_sites,r2_within,ok,xvars,beta_GP,se_GP,p_GP,ci95_lo_GP,ci95_hi_GP,beta_logP,se_logP,p_logP,ci95_lo_logP,ci95_hi_logP,param,sample,family,reason,beta_logQ,se_logQ,p_logQ,ci95_lo_logQ,ci95_hi_logQ
logLoad,11507,637.0,0.35902951962263574,True,GP+logP,-1.0552113621039432,0.25679149255085154,3.9700694321733235e-05,-1.5585134390398978,-0.5519092851679885,1.4840497666900048,0.06179190807946049,1.8522656450969388e-127,1.3629398523182525,1.605159681061757,TN,paired,load,,,,,,
logLoad_dry,9635,637.0,0.2123515468515147,True,GP+logP,-1.8551521415830885,0.42888618180248045,1.5217828057714159e-05,-2.695753611382848,-1.0145506717833288,1.6663113077849936,0.086703325909513,2.5895604038405482e-82,1.4963759116625095,1.8362467039074777,TN,paired,load,,,,,,
logLoad_wet,10096,637.0,0.2392040338305823,True,GP+logP,-1.3929918759474742,0.313397692589132,8.797130335164183e-06,-2.0072400662601284,-0.77874368563482,1.3088439375961682,0.07086841778827548,3.692085308716176e-76,1.1699443910898106,1.4477434841025258,TN,paired,load,,,,,,
logR,11507,637.0,0.4438661493642586,True,GP+logP,-1.2967515341947107,0.19003526471196305,8.869939161436368e-12,-1.6692138088226938,-0.9242892595667276,1.3672112301768704,0.055860836000467685,2.706712558275035e-132,1.2577260034696554,1.4766964568840855,TN,paired,load,,,,,,
logC,11657,647.0,0.05365377019349582,True,GP+logP,0.25423907048411226,0.17192511456133136,0.1391996677732715,-0.08272796209402,0.5912061030622445,0.11100558792254783,0.024450840505649215,5.62676290911615e-06,0.06308282113974226,0.1589283547053534,TN,paired,load,,,,,,
logC_low,9765,647.0,0.03841629208588582,True,GP+logP,0.09073549576737576,0.2224636929441898,0.6833716621801964,-0.3452853302710136,0.5267563218057651,0.15568266345663456,0.034939682975925576,8.359850170825679e-06,0.08720214319257318,0.22416318372069594,TN,paired,load,,,,,,
logC_high,10223,647.0,0.04702746043535477,True,GP+logP,0.1876137871470329,0.20278486610409208,0.35486899012287776,-0.2098372470267648,0.5850648213208306,0.05580513767704891,0.030640282667766087,0.06856131180096063,-0.004248712827899466,0.11585898818199727,TN,paired,load,,,,,,
share_wet_load,10096,637.0,0.07214636704136534,True,GP+logP,-0.005590527306092077,0.07036195063367827,0.9366716442643274,-0.14349741643008673,0.13231636181790257,-0.060585556616856044,0.011643138474969564,1.955258491612193e-07,-0.083405688694809,-0.03776542453890309,TN,paired,load,,,,,,
logLoad,2405,136.0,0.40042112514592487,True,GP+logP,-2.2165517184995074,0.8040531971135018,0.005838383657674065,-3.792467026496256,-0.6406364105027589,0.9649041291507577,0.12387071517804885,6.721819983062639e-15,0.7221219886625629,1.2076862696389525,TN,West,load_region,,,,,,
logLoad_dry,1820,136.0,0.2072652248675937,True,GP+logP,-2.5685432029466604,1.1424171612000464,0.02455446201382894,-4.80763969421924,-0.32944671167408,0.7082365864997284,0.12432981720326301,1.2233928507494677e-08,0.4645546225768845,0.9519185504225723,TN,West,load_region,,,,,,
logC_low,1895,141.0,0.06383914813292724,True,GP+logP,-0.48118557028348913,0.5307484352413939,0.3646093525920545,-1.5214333882076103,0.5590622476406322,0.0791593130844815,0.07151554610787712,0.26834469293636454,-0.06100858162167129,0.2193272077906343,TN,West,load_region,,,,,,
logC_high,2117,141.0,0.09927735284970263,True,GP+logP,-1.1990833010176707,0.684477581892208,0.07980431586822498,-2.5406347097514637,0.1424681077161225,-0.08230158721247606,0.06893689223950444,0.23252939365698,-0.21741541320802354,0.05281223878307141,TN,West,load_region,,,,,,
logLoad,2538,163.0,0.4965514395714419,True,GP+logP,-0.2568753927331803,0.5887065671585907,0.6625910880553769,-1.4107190618262289,0.8969682763598682,1.8610568538442356,0.12560669828556933,1.1453141849315795e-49,1.6148722489875307,2.1072414587009405,TN,Interior,load_region,,,,,,
logLoad_dry,2188,163.0,0.2855951542889902,True,GP+logP,-2.2648423254292513,1.2585702196561717,0.07193394629840656,-4.731594627970013,0.20190997711151004,1.9209874068491697,0.21799317818756211,1.2277412147580706e-18,1.4937286287261253,2.348246184972214,TN,Interior,load_region,,,,,,
logC_low,2188,163.0,0.06328775119396202,True,GP+logP,-0.8768375699564898,0.5519844923316851,0.11216914430786139,-1.958707294951218,0.20503215503823868,0.2510656120043564,0.08958791613229126,0.005071615362873535,0.07547652293507062,0.4266547010736422,TN,Interior,load_region,,,,,,
logC_high,2356,163.0,0.07264861371283349,True,GP+logP,0.525941247530002,0.4355663042646588,0.2272441205938346,-0.3277530217079442,1.3796355167679484,0.19816622049907293,0.07075038081692232,0.005095700722238875,0.059498022205411644,0.33683441879273424,TN,Interior,load_region,,,,,,
logLoad,3269,179.0,0.37218452062694873,True,GP+logP,-1.4195059850544718,0.5604028383551752,0.011308773153362813,-2.517875365064637,-0.32113660504430674,1.6158519521788115,0.08795699960332433,2.2452808406212124e-75,1.4434594007680919,1.7882445035895311,TN,South,load_region,,,,,,
logLoad_dry,2634,179.0,0.2489764579965167,True,GP+logP,-2.632052186962892,0.9255406234097252,0.004457905652967934,-4.446078475074703,-0.8180258988510816,1.718344174081666,0.1643062854198306,1.3441724025192742e-25,1.3963097722252396,2.040378575938093,TN,South,load_region,,,,,,
logC_low,2689,184.0,0.05343618033413233,True,GP+logP,0.27084265005561664,0.4593029472549346,0.5554039096091885,-0.6293745845571552,1.1710598846683886,0.035908271251779623,0.05634609403840747,0.5239421009947646,-0.07452804373300606,0.14634458623656532,TN,South,load_region,,,,,,
logC_high,2874,184.0,0.06081109347954605,True,GP+logP,1.2974560378578037,0.4126846398908534,0.001666892113762758,0.4886090066988493,2.106303069016758,0.01202438744889165,0.05148617000076316,0.8153374783779646,-0.08888665145451072,0.112935426352294,TN,South,load_region,,,,,,
logLoad,3295,159.0,0.5239167836125853,True,GP+logP,0.12271512304060242,0.30741068503432767,0.6897535664786618,-0.479798748089466,0.7252289941706708,0.9644282381639647,0.09590341809650094,8.622485464787926e-24,0.776460992700536,1.1523954836273935,TN,Northeast,load_region,,,,,,
logLoad_dry,2993,159.0,0.4645610763606324,True,GP+logP,0.21690339789551905,0.5058203192766693,0.6680577788759883,-0.774486210535304,1.208293006326342,1.5088503816559906,0.14618340212216685,5.626225665471973e-25,1.2223361783590074,1.7953645849529738,TN,Northeast,load_region,,,,,,
logC_low,2993,159.0,0.08500874663753943,True,GP+logP,0.41234537973954294,0.3620203614850921,0.25469832914496704,-0.2972014904414089,1.1218922499204949,0.37443424242095175,0.13593289378348974,0.005877252597536946,0.10801066629100325,0.6408578185509002,TN,Northeast,load_region,,,,,,
logC_high,2876,159.0,0.1257172664393259,True,GP+logP,0.28762467738028424,0.308502694284599,0.35116875410413306,-0.3170294925511005,0.892278847311669,0.1535288183322931,0.10381361533168118,0.13916997198134806,-0.04994212882269719,0.3569997654872834,TN,Northeast,load_region,,,,,,
logLoad,10962,600.0,0.2574821544949787,True,GP+logP,-0.9831868383149848,0.30469173121006304,0.0012517207234114852,-1.5803716578738671,-0.3860020187561024,1.4634494765535309,0.08255498253948931,2.596685540316239e-70,1.3016446840317988,1.625254269075263,NO3N,paired,load,,,,,,
logLoad_dry,9178,600.0,0.15858771221344048,True,GP+logP,-1.69198370048166,0.47450085121319685,0.0003627229687675892,-2.6219882794931246,-0.7619791214701954,1.618791106398296,0.11720458221463353,2.1674543014757104e-43,1.3890743464345505,1.8485078663620416,NO3N,paired,load,,,,,,
logLoad_wet,9673,600.0,0.18004294621487205,True,GP+logP,-1.2823889250675695,0.36131540605594653,0.0003863698262384851,-1.9905541079966902,-0.574223742138449,1.2847773921329384,0.0872290401718209,4.212383006887743e-49,1.1138116149901718,1.455743169275705,NO3N,paired,load,,,,,,
logR,10962,600.0,0.42450076026083117,True,GP+logP,-1.3371374718534292,0.20159740380515362,3.295750065471364e-11,-1.7322611226883085,-0.94201382101855,1.3802547563622334,0.07063018672479335,4.8258637765748094e-85,1.2418221341602993,1.5186873785641675,NO3N,paired,load,,,,,,
logC,11145,612.0,0.021706266287617182,True,GP+logP,0.34136114437393306,0.22803336602277605,0.13439874048928782,-0.10557604030414763,0.7882983290520138,0.07223255728810651,0.0335005292602114,0.031071042977658166,0.0065727264750619074,0.13789238810115112,NO3N,paired,load,,,,,,
logC_low,9342,612.0,0.01507607220683782,True,GP+logP,0.1389036170313884,0.3082020040790313,0.6522128601034785,-0.4651612109265798,0.7429684449893567,0.20585795139852114,0.04730351683518269,1.349917653402093e-05,0.11314476205947895,0.29857114073756336,NO3N,paired,load,,,,,,
logC_high,9835,612.0,0.016519781583913873,True,GP+logP,0.32205823534579736,0.25679609058821884,0.20979114302810564,-0.18125285357779675,0.8253693242693915,-0.049721915009367235,0.04618728945015556,0.28169114013254215,-0.1402473388751989,0.04080350885646446,NO3N,paired,load,,,,,,
share_wet_load,9673,600.0,0.04526638238673164,True,GP+logP,-0.0572339567694327,0.08007498008944504,0.47476072074361353,-0.21417803380750688,0.0997101202686415,-0.05734277400847929,0.013855187649076495,3.4924538153832755e-05,-0.0844984427997134,-0.030187105217245182,NO3N,paired,load,,,,,,
logLoad,2561,142.0,0.2535042734643056,True,GP+logP,-2.3781132399110394,0.6633730429029949,0.00033723227947628605,-3.6783005123156536,-1.0779259675064252,0.7737357816145051,0.13971373430552106,3.059312492606464e-08,0.4999018942300856,1.0475696689989245,NO3N,West,load_region,,,,,,
logLoad_dry,1956,142.0,0.1174634310273267,True,GP+logP,-1.976252980220493,0.9465871264755569,0.0368188944229819,-3.8315296563418455,-0.12097630409914029,0.3849235475029157,0.11576053513279398,0.0008836439423910664,0.15803706781155588,0.6118100271942755,NO3N,West,load_region,,,,,,
logC_low,2027,146.0,0.0336343867436133,True,GP+logP,-0.33740382815283193,0.6231647138242733,0.5882070792580032,-1.5587842236846172,0.8839765673789532,-0.0170546798853506,0.0684897643043284,0.8033525528531232,-0.15129215123147127,0.11718279146077006,NO3N,West,load_region,,,,,,
logC_high,2225,146.0,0.04310058622912194,True,GP+logP,0.22314852202269295,0.7462633230957751,0.7649239030088759,-1.2395007142282042,1.6857977582735901,-0.10912449417518874,0.09115485667042107,0.23125468878502975,-0.28778473026512474,0.06953574191474726,NO3N,West,load_region,,,,,,
logLoad,2228,134.0,0.3749384230919759,True,GP+logP,-0.8101887002043033,0.693360048732407,0.24260660253443567,-2.169149424038758,0.548772023630151,1.970067301329658,0.14415138567301963,1.6060949165798314e-42,1.6875357770889963,2.2525988255703195,NO3N,Interior,load_region,,,,,,
logLoad_dry,1923,134.0,0.22353791160996528,True,GP+logP,-2.433438521783455,1.276496195190382,0.05660582689704057,-4.935325090759014,0.06844804719210451,2.3662720331297407,0.2622314248676847,1.820041562849718e-19,1.8523078847744574,2.880236181485024,NO3N,Interior,load_region,,,,,,
logC_low,1933,135.0,0.052551053635821576,True,GP+logP,-0.6330589488162922,0.7156911554749699,0.3764036531174405,-2.0357878376010894,0.7696699399685051,0.5820629623382082,0.13360656811125554,1.3213182676528e-05,0.3201989007421497,0.8439270239342667,NO3N,Interior,load_region,,,,,,
logC_high,2019,135.0,0.07168826219947655,True,GP+logP,-0.11428176164292907,0.6085989249128541,0.8510503311382087,-1.3071137355019196,1.0785502122160615,0.10890333089326872,0.09681527980499025,0.2606496984789397,-0.0808511306776802,0.29865779246421764,NO3N,Interior,load_region,,,,,,
logLoad,3251,168.0,0.3200833666549825,True,GP+logP,-0.3881006428207681,0.7085776511272357,0.5838856389136109,-1.7768873192801373,1.0006860336386012,1.7504849501037905,0.09960315501197184,3.8564513777917837e-69,1.5552663535337654,1.9457035466738155,NO3N,South,load_region,,,,,,
logLoad_dry,2610,168.0,0.18967250258808133,True,GP+logP,-2.094381013969347,1.0314075335382213,0.04229510774343884,-4.115902633087549,-0.0728593948511449,1.897876552201414,0.17520816485039206,2.4246508694926204e-27,1.554474859297289,2.2412782451055393,NO3N,South,load_region,,,,,,
logC_low,2682,174.0,0.026078441196344615,True,GP+logP,0.26645579861126056,0.7732383810790774,0.7303971940062943,-1.2490635797677887,1.7819751769903098,0.20210034434027166,0.10016804836913111,0.04363159462825521,0.005774577135108594,0.3984261115454347,NO3N,South,load_region,,,,,,
logC_high,2913,174.0,0.03823102088796215,True,GP+logP,1.87640963393442,0.6104030896725595,0.0021117401827540345,0.6800415621242304,3.0727777057446097,-0.10337489874501334,0.08575208596825945,0.22800692269383827,-0.2714458988419844,0.0646961013519577,NO3N,South,load_region,,,,,,
logLoad,2922,156.0,0.43487984944356817,True,GP+logP,-0.020875069101728795,0.3281931810135405,0.9492839210399276,-0.6641218838599028,0.6223717456564453,0.8753402479483317,0.13463750161559906,7.954451575700839e-11,0.6114555938133042,1.1392249020833591,NO3N,Northeast,load_region,,,,,,
logLoad_dry,2689,156.0,0.40857291062645884,True,GP+logP,0.1684676137634601,0.5837723384617042,0.7728994037037831,-0.9757051447922066,1.3126403723191267,1.5755218984334263,0.19124759033857272,1.749277495326428e-16,1.2006835092397532,1.9503602876270993,NO3N,Northeast,load_region,,,,,,
logC_low,2700,157.0,0.04298306285218323,True,GP+logP,0.06867969571009165,0.4300891874875764,0.8731275620703318,-0.7742796219056529,0.9116390133258363,0.3487705033164002,0.1708471710417613,0.04120928919105853,0.013916201213993562,0.6836248054188068,NO3N,Northeast,load_region,,,,,,
logC_high,2678,157.0,0.09199164554608319,True,GP+logP,-0.1316016538119969,0.3504226353911245,0.7072505492823342,-0.8184173985462118,0.5552140909222181,0.07377156325078621,0.11605777298432411,0.5250077189499531,-0.1536974919244147,0.30124061842598715,NO3N,Northeast,load_region,,,,,,
logLoad,17881,989.0,0.25327822891490503,True,GP+logP,-0.858911084783778,0.28395288474646596,0.002487674679137611,-1.4154485121931042,-0.30237365737445177,1.502229099339134,0.058502235770322965,2.0508204622170786e-145,1.3875668242142303,1.6168913744640379,TP,paired,load,,,,,,
logLoad_dry,15105,987.0,0.1360465504211904,True,GP+logP,-1.6581030361622535,0.43806001975522973,0.00015364388398852544,-2.5166848979494083,-0.7995211743750986,1.5033920985602023,0.08171644662667335,1.3713971868557805e-75,1.343230806227333,1.6635533908930715,TP,paired,load,,,,,,
logLoad_wet,16110,989.0,0.18584915763312937,True,GP+logP,-1.089784277628933,0.36823345239406474,0.0030814583029890263,-1.8115085822241443,-0.3680599730337216,1.5825742508355962,0.07394210334988136,1.2559437050646204e-101,1.4376503913286902,1.7274981103425022,TP,paired,load,,,,,,
logR,17881,989.0,0.39112915144591753,True,GP+logP,-1.167488842419123,0.17867953177624887,6.404365049856345e-11,-1.517694289475051,-0.817283395363195,1.3655013047988354,0.04901786997286959,8.80826805104634e-171,1.2694280450531437,1.461574564544527,TP,paired,load,,,,,,
logC,18129,1006.0,0.0243284813133563,True,GP+logP,0.30618802257241345,0.21274902419620895,0.150094362074651,-0.11079240259819662,0.7231684477430236,0.13609725611363765,0.02595662223989658,1.577660561923191e-07,0.08522321136312896,0.18697130086414634,TP,paired,load,,,,,,
logC_low,15331,1004.0,0.023825374470175853,True,GP+logP,0.42586094501583677,0.29721198876424587,0.1518999904711201,-0.1566638487356083,1.0083857387672819,0.08366854290340382,0.03321800401647404,0.011776524352068019,0.01856245139280785,0.1487746344139998,TP,paired,load,,,,,,
logC_high,16333,1006.0,0.027591919852365976,True,GP+logP,0.18921664631165316,0.2721639245220832,0.4869108957388151,-0.3442148436427076,0.7226481362660139,0.2648385612254509,0.03606909195367644,2.0958607530306716e-13,0.19414444004118164,0.3355326824097202,TP,paired,load,,,,,,
share_wet_load,16110,989.0,0.052239357991718416,True,GP+logP,0.02954522795593266,0.06818855995470635,0.6648061600406157,-0.10410189371294197,0.16319234962480728,-0.012530329912154635,0.010262408457655765,0.2220886324558191,-0.03264428088379918,0.00758362105948991,TP,paired,load,,,,,,
logLoad,5582,309.0,0.27472957073869975,True,GP+logP,-1.6212569252953888,0.6019785346636081,0.0070766863063533225,-2.801113172702257,-0.44140067788852044,1.0243095422027857,0.09281249748399471,2.5524091660927085e-28,0.8424003898189416,1.2062186945866298,TP,West,load_region,,,,,,
logLoad_dry,4228,307.0,0.12785147811077247,True,GP+logP,-2.6143491688474483,0.8553586758146335,0.002239851878397647,-4.290821367308002,-0.9378769703868948,0.5906145998432949,0.10138160901079019,5.688794743770288e-09,0.3919102974874247,0.7893189021991651,TP,West,load_region,,,,,,
logC_low,4349,315.0,0.03778609530984234,True,GP+logP,-0.9012671515963876,0.5095375118722127,0.07692817394895253,-1.8999423236380748,0.09740802044529961,0.009275572118497596,0.0525204042761131,0.8598155834723715,-0.09366252871616752,0.11221367295316272,TP,West,load_region,,,,,,
logC_high,5137,317.0,0.06813584449224352,True,GP+logP,-0.8027498108651501,0.55770167899052,0.15004026362930356,-1.895825015804088,0.29032539407378777,0.22505295188800237,0.06466889942576816,0.0005012638375653987,0.0983042380936538,0.35180166568235094,TP,West,load_region,,,,,,
logLoad,4122,253.0,0.39500000155243553,True,GP+logP,-0.29963183284259187,0.5699070882661977,0.5990580398792085,-1.4166292003784289,0.8173655346932452,1.7806826305584607,0.0996196253037348,1.852803263233827e-71,1.5854317528097654,1.9759335083071559,TP,Interior,load_region,,,,,,
logLoad_dry,3683,253.0,0.2366395275609796,True,GP+logP,-0.9343503514296403,1.0440333311958585,0.37081754358608954,-2.980618079232901,1.1119173763736203,2.027195711934029,0.19031370018071042,1.7090747833122554e-26,1.6541877138152825,2.400203710052775,TP,Interior,load_region,,,,,,
logC_low,3693,254.0,0.02507012339594039,True,GP+logP,-0.316096825964864,0.6850094301839981,0.6444765982005556,-1.6586906381958049,1.0264969862660769,0.02880957019742679,0.07981576933853916,0.7181361857079835,-0.1276264631044663,0.1852456034993199,TP,Interior,load_region,,,,,,
logC_high,3860,254.0,0.05375417088742285,True,GP+logP,0.890299084198057,0.5976224390758987,0.13629391919023418,-0.28101937274368705,2.061617541139801,0.19131930157682278,0.0709875862185017,0.007036555157575175,0.05218618923912757,0.33045241391451796,TP,Interior,load_region,,,,,,
logLoad,4739,260.0,0.3166812029590371,True,GP+logP,-0.8950173085706015,0.6262610088141916,0.15296278254892517,-2.1224663307681384,0.33243171362693524,1.8474582195218927,0.07978400308719144,1.2723074131815657e-118,1.691084446928565,2.0038319921152206,TP,South,load_region,,,,,,
logLoad_dry,4037,260.0,0.17183564526234152,True,GP+logP,-2.661298378730021,0.9729511911086927,0.006232636879150346,-4.568247672018406,-0.7543490854416361,1.7724472340390007,0.13133562371750682,1.660978892846349e-41,1.5150341416655828,2.0298603264124186,TP,South,load_region,,,,,,
logC_low,4132,268.0,0.029653256223858615,True,GP+logP,0.26007521070655265,0.6720401598836345,0.6987609791625753,-1.0570992988299106,1.577249720243016,0.03119277672242247,0.061904562351347094,0.6143422336690288,-0.090137935964932,0.15252348940977695,TP,South,load_region,,,,,,
logC_high,4380,268.0,0.035465388132522646,True,GP+logP,1.3701587035244964,0.5868931758815537,0.019564514094471196,0.21986921602431986,2.520448191024673,0.20368970905445327,0.06908295781591577,0.0031934095764687863,0.06828959978975854,0.339089818319148,TP,South,load_region,,,,,,
logLoad,3438,167.0,0.27201707464487024,True,GP+logP,0.7523601580962093,0.46090436497692006,0.10260444286668816,-0.15099579757585835,1.655716113768277,0.779862599306196,0.11847382379223505,4.623755041630657e-11,0.5476581715626707,1.0120670270497212,TP,Northeast,load_region,,,,,,
logLoad_dry,3157,167.0,0.3391898463617785,True,GP+logP,1.855282323341959,0.6237079826204536,0.002933699614997989,0.632837140535736,3.0777275061481824,1.3606070727928208,0.20012512554135703,1.0550743014349466e-11,0.968369034330204,1.7528451112554375,TP,Northeast,load_region,,,,,,
logC_low,3157,167.0,0.07798708252750586,True,GP+logP,1.828934104305712,0.5333631812885595,0.00060567664507738,0.7835614783004277,2.8743067303109964,0.1786695796870915,0.15589171783403089,0.2517482525608976,-0.1268725727556895,0.48421173212987245,TP,Northeast,load_region,,,,,,
logC_high,2956,167.0,0.04435465938068517,True,GP+logP,-0.04041444580637911,0.5637030757181196,0.9428449829419364,-1.1452521721883486,1.0644232805755904,0.11628269358407757,0.12468001659826988,0.35100122177564874,-0.12808564854038756,0.3606510357085427,TP,Northeast,load_region,,,,,,
logC_low,3157,167.0,0.07798708252750586,True,GP+logP,1.828934104305712,0.5333631812885595,0.00060567664507738,0.7835614783004277,2.8743067303109964,0.1786695796870915,0.15589171783403089,0.2517482525608976,-0.1268725727556895,0.48421173212987245,TP,Northeast,conflict_tp,,,,,,
logLoad_dry,3157,167.0,0.3391898463617785,True,GP+logP,1.855282323341959,0.6237079826204536,0.002933699614997989,0.632837140535736,3.0777275061481824,1.3606070727928208,0.20012512554135703,1.0550743014349466e-11,0.968369034330204,1.7528451112554375,TP,Northeast,conflict_tp,,,,,,
logC_low,4132,268.0,0.029653256223858615,True,GP+logP,0.26007521070655265,0.6720401598836345,0.6987609791625753,-1.0570992988299106,1.577249720243016,0.03119277672242247,0.061904562351347094,0.6143422336690288,-0.090137935964932,0.15252348940977695,TP,South,conflict_tp,,,,,,
logLoad_dry,4037,260.0,0.17183564526234152,True,GP+logP,-2.661298378730021,0.9729511911086927,0.006232636879150346,-4.568247672018406,-0.7543490854416361,1.7724472340390007,0.13133562371750682,1.660978892846349e-41,1.5150341416655828,2.0298603264124186,TP,South,conflict_tp,,,,,,
logC_low,2473,124.0,0.10243907231141292,True,GP+logP,1.5904353336970831,0.6476227020244539,0.014056925162643837,0.3211181621586383,2.859752505235528,0.11054879667969418,0.17651671251164028,0.5311316366825592,-0.23541760251253152,0.4565151958719199,TP,NE_urb_hi,conflict_tp,,,,,,
logLoad_dry,2473,124.0,0.34270797774205275,True,GP+logP,1.4688651426762656,0.7307487304981123,0.04442247129012494,0.03662394915159939,2.9011063362009315,1.2062872455158238,0.21639969574115003,2.484584028323806e-08,0.782151635597744,1.6304228554339035,TP,NE_urb_hi,conflict_tp,,,,,,
logC_low,684,43.0,0.09977626140453133,True,GP+logP,2.7644239478189228,1.0197016354365096,0.0067078083984693,0.7658454673867718,4.763002428251074,0.297544646386998,0.28778761772072287,0.3011812442375933,-0.26650871954219985,0.8615980123161959,TP,NE_urb_lo,conflict_tp,,,,,,
logLoad_dry,684,43.0,0.4136179066740069,True,GP+logP,2.108212433893239,1.1285667500253223,0.06175592731035038,-0.10373775030581056,4.320162618092288,2.1048619385749845,0.4865712039716524,1.5190527834990624e-05,1.1511999028762534,3.0585239742737156,TP,NE_urb_lo,conflict_tp,,,,,,
logC_low,2470,151.0,0.04832483597819548,True,GP+logP,-0.6205575317557154,0.8225450436565862,0.4505875060001604,-2.232716192984551,0.9916011294731201,0.0657825290751924,0.08051910696226999,0.41393965130716903,-0.0920320206381851,0.22359707878856988,TP,South_urb_hi,conflict_tp,,,,,,
logLoad_dry,2399,145.0,0.1874248695480465,True,GP+logP,-3.632272762312825,1.3215820302479198,0.005988182567881973,-6.2225259442140715,-1.0420195804115777,1.9129089395404555,0.1934784438592819,4.743246194670784e-23,1.5336981577914082,2.292119721289503,TP,South_urb_hi,conflict_tp,,,,,,
logC_low,1662,117.0,0.03443026719603248,True,GP+logP,1.7877840844414186,1.1359595930209574,0.11553147975101107,-0.43865580577243524,4.014223974655272,-0.03498795603723441,0.1069432099852739,0.7435439348239066,-0.24459279599947553,0.17461688392500674,TP,South_urb_lo,conflict_tp,,,,,,
logLoad_dry,1638,115.0,0.20619839250535743,True,GP+logP,-1.0379209487216043,1.5134274945268829,0.492834080209937,-4.004184331206985,1.928342433763776,1.6448088771894576,0.1857830563685515,8.49043540746453e-19,1.2806807777693219,2.008936976609593,TP,South_urb_lo,conflict_tp,,,,,,
logC_low,2746,144.0,0.09839601058566594,True,GP+logP,2.089078683397422,0.5634028300206755,0.00020893048695120068,0.984829427768956,3.193327939025888,0.20597454006961305,0.14712973136646548,0.16152773678615595,-0.08239443446371239,0.49434351460293846,TP,NE_dam,conflict_tp,,,,,,
logLoad_dry,2746,144.0,0.35398851386934516,True,GP+logP,1.9836753641536224,0.6499102072148232,0.0022714805776164726,0.7098747648276054,3.2574759634796395,1.3701038634578149,0.19094247821805616,7.205412456665334e-13,0.9958634830316011,1.7443442438840286,TP,NE_dam,conflict_tp,,,,,,
logC_low,411,23.0,0.12461658452500413,True,GP+logP,0.030256335859670275,1.4298597545144498,0.9831177416354427,-2.772217285931934,2.8327299576512748,-0.20662503368091897,0.5657112971548144,0.7149261406362504,-1.3153988017517915,0.9021487343899535,TP,NE_nodam,conflict_tp,,,,,,
logLoad_dry,411,23.0,0.3479854011015113,True,GP+logP,1.7686544878817656,2.336395323523145,0.4490490347292436,-2.810596199871407,6.3479051756349385,1.0253402797080662,0.8620284266130416,0.2342623763426257,-0.6642043901032244,2.714884949519357,TP,NE_nodam,conflict_tp,,,,,,
logC_low,2789,181.0,0.038177151386450614,True,GP+logP,0.590953640863006,0.9302100413564879,0.5252389412959746,-1.2322245382532246,2.4141318199792363,0.05366132587962097,0.08411711275895083,0.5235154084057193,-0.11120518561141732,0.21852783737065926,TP,South_dam,conflict_tp,,,,,,
logLoad_dry,2747,177.0,0.1750248438472508,True,GP+logP,-1.7876739412807907,1.292357518670262,0.16658338415786322,-4.320648133024055,0.7453002504624735,1.7559923935872492,0.15563876421858236,1.6015255722637304e-29,1.4509460211205065,2.0610387660539917,TP,South_dam,conflict_tp,,,,,,
logC_low,1343,87.0,0.053014344417292025,True,GP+logP,-0.6587208607603043,0.8504891480276362,0.43862334159881544,-2.3256489601366264,1.0082072386160175,-0.04063352181310742,0.09619283810327937,0.6727204309087952,-0.2291680200662272,0.14790097644001235,TP,South_nodam,conflict_tp,,,,,,
logLoad_dry,1290,83.0,0.206726963168118,True,GP+logP,-4.702619716207782,1.304025329912592,0.00031067370984534296,-7.258462397764424,-2.1467770346511403,1.8693871548027348,0.2432589128197703,1.5328017678279478e-14,1.392608446757616,2.3461658628478532,TP,South_nodam,conflict_tp,,,,,,
logC_low,2350,124.0,0.07076035703805028,True,GP+logP,1.6342432323913338,0.7147585286033726,0.022229287480125162,0.23334225868588132,3.0351442060967866,0.23718622232203077,0.1980663576427954,0.2311082680567933,-0.1510167052068779,0.6253891498509394,TP,NE_small,conflict_tp,,,,,,
logLoad_dry,2350,124.0,0.3232123717184987,True,GP+logP,1.5976696884870634,0.822541199222037,0.05209374520370602,-0.014481437788514517,3.209820814762641,1.441340571617563,0.23808874995193782,1.4147230521249097e-09,0.9746951965876023,1.9079859466475235,TP,NE_small,conflict_tp,,,,,,
logC_low,325,,,False,,,,,,,,,,,,TP,NE_large,conflict_tp,small,,,,,
logLoad_dry,325,,,False,,,,,,,,,,,,TP,NE_large,conflict_tp,small,,,,,
logC_low,2145,143.0,0.038885457928170664,True,GP+logP,-0.5513561027072482,0.9026336241644307,0.5413118325729429,-2.3204854973043956,1.217773291889899,0.1475724572041527,0.09940073030153664,0.13764412781872723,-0.04724939422383831,0.3423943086321437,TP,South_small,conflict_tp,,,,,,
logLoad_dry,2145,143.0,0.21723995940674234,True,GP+logP,-4.0837673304728845,1.4320967191973781,0.00434997701848168,-6.8906253224777165,-1.2769093384680525,2.066656028090992,0.22156440628414018,1.0833272883755159e-20,1.632397771518077,2.5009142846639065,TP,South_small,conflict_tp,,,,,,
logC_low,593,35.0,0.08818271499101848,True,GP+logP,-0.013322959303836293,1.73820481836063,0.9938844494410789,-3.420141801044658,3.393495882436985,0.1394223507290352,0.19207016440238364,0.46790448658608186,-0.23702825400432392,0.5158729554623943,TP,South_large,conflict_tp,,,,,,
logLoad_dry,593,35.0,0.21713280706068594,True,GP+logP,-3.8241246436364826,1.6025472987706864,0.01701984277373889,-6.965059632748977,-0.6831896545239879,1.2387662688686287,0.23917710554982455,2.2273858800972466e-07,0.7699877560644375,1.70754478167282,TP,South_large,conflict_tp,,,,,,
logC,21012,984.0,0.05300854042764036,True,logQ,,,,,,,,,,,TN,paired_dry,cq,,0.08553854930301538,0.009967470801084415,9.342369413373168e-18,0.06600266551593532,0.10507443309009544
logC,5937,187.0,0.07156858097205232,True,logQ,,,,,,,,,,,TN,Northeast,cq,,0.020959327094610684,0.016625299531339992,0.2074210302254147,-0.01162566121900634,0.05354431540822771
logC,5803,272.0,0.057032069981820976,True,logQ,,,,,,,,,,,TN,South,cq,,0.06549112153846652,0.015402359472098613,2.118521017293894e-05,0.03530305169621388,0.09567919138071916
logC,4567,293.0,0.04966821087271034,True,logQ,,,,,,,,,,,TN,West,cq,,0.02969687297262672,0.023302160880837166,0.20251258477934875,-0.015974523115772264,0.0753682690610257
logC,4705,232.0,0.17537391110222544,True,logQ,,,,,,,,,,,TN,Interior,cq,,0.19509030313660877,0.019184352099024818,2.7201954406608213e-24,0.15748966395578473,0.23269094231743281
logC,19933,910.0,0.028415558398952268,True,logQ,,,,,,,,,,,NO3N,paired_dry,cq,,0.10297329834678648,0.018739405840683544,3.906793136582885e-08,0.0662447378073672,0.13970185888620576
logC,5588,184.0,0.032535694351370825,True,logQ,,,,,,,,,,,NO3N,Northeast,cq,,0.01275259216942412,0.02307741742113418,0.580537006552909,-0.032478314832196084,0.057983499171044325
logC,5413,251.0,0.021316446600856964,True,logQ,,,,,,,,,,,NO3N,South,cq,,0.05012893265985851,0.029217841013291414,0.08621769911943472,-0.007136983432209941,0.10739484875192695
logC,4602,282.0,0.026591311859315847,True,logQ,,,,,,,,,,,NO3N,West,cq,,0.010903743916556588,0.05221475500199262,0.8345848887280175,-0.09143529534893159,0.11324278318204477
logC,4330,193.0,0.18278677378645547,True,logQ,,,,,,,,,,,NO3N,Interior,cq,,0.3328378510008842,0.029648841949782987,3.039341693484836e-29,0.2747271885959892,0.3909485134057792
logC,29980,1071.0,0.025263880408985195,True,logQ,,,,,,,,,,,TP,paired_dry,cq,,0.06814742382395833,0.008961213117989718,2.855442420940595e-14,0.0505837688549106,0.08571107879300606
logC,6340,189.0,0.06364063213518745,True,logQ,,,,,,,,,,,TP,Northeast,cq,,0.08355364601562823,0.022791787566280208,0.0002464181692726069,0.038882563242431216,0.12822472878882524
logC,8285,292.0,0.0286753551642297,True,logQ,,,,,,,,,,,TP,South,cq,,0.0601427185912819,0.01585723498730721,0.00014898091869133874,0.029063109121771312,0.0912223280607925
logC,7620,330.0,0.03548722389791559,True,logQ,,,,,,,,,,,TP,West,cq,,0.09288431508527122,0.02322602414695144,6.35708376223515e-05,0.047362144253188763,0.13840648591735366
logC,7735,260.0,0.03349970254322565,True,logQ,,,,,,,,,,,TP,Interior,cq,,0.08822102902292177,0.01461277984958533,1.5676117297432493e-09,0.05958050680372189,0.11686155124212164
logC_low,5298,371.0,0.0384631420523055,True,GP+logP,-0.3575771262770267,0.29439205455336587,0.224507623778592,-0.9345749505363747,0.21942069798232128,0.18212028055769455,0.04116596091054545,9.686746386972734e-06,0.10143647978404177,0.26280408133134736,TN,crop_hi,conflict_n,,,,,,
logC_high,5569,371.0,0.03849121050096316,True,GP+logP,0.48629365096786614,0.2510572869053809,0.05274744376405301,-0.005769589423019805,0.9783568913587521,0.05860162374864717,0.034371524573849864,0.08820433105175181,-0.008765326509831993,0.12596857400712633,TN,crop_hi,conflict_n,,,,,,
logLoad,6108,365.0,0.40726693401770797,True,GP+logP,-1.099400646582736,0.38233307497462615,0.004033818308465033,-1.8487597036314556,-0.35004158953401643,1.7377515895133817,0.09301812246153404,6.95521450143039e-78,1.5554394195792387,1.9200637594475247,TN,crop_hi,conflict_n,,,,,,
logC_low,4467,276.0,0.059772067014758457,True,GP+logP,0.5046302881173617,0.31987649811234675,0.11466247340736226,-0.12231612768363254,1.131576703918356,0.10762400591804809,0.05583411448206921,0.05390898595825418,-0.0018088475754938077,0.21705685941158998,TN,crop_lo,conflict_n,,,,,,
logC_high,4654,276.0,0.07748644130682392,True,GP+logP,-0.2107046484471263,0.3108014737519153,0.4978099462213148,-0.8198643433428513,0.39845504644859864,0.04957228415505001,0.05075664155432672,0.3287345515535003,-0.04990890526763947,0.1490534735777395,TN,crop_lo,conflict_n,,,,,,
logLoad,5399,272.0,0.3347297676200155,True,GP+logP,-0.9627789705599403,0.3435606104094168,0.005073093501859559,-1.6361453934689942,-0.28941254765088653,1.2158611948482674,0.073091196254453,3.897209162585058e-62,1.0726050826025906,1.3591173070939442,TN,crop_lo,conflict_n,,,,,,
logC_low,2283,170.0,0.05488266689397703,True,GP+logP,-0.7253619141866822,0.5568352612423343,0.19269399651332397,-1.8167389715436095,0.3660151431702453,0.2142394997288847,0.08374390796028817,0.010519448130851625,0.05010445620208273,0.37837454325568665,TN,CornBelt,conflict_n,,,,,,
logC_high,2453,170.0,0.07970630625446062,True,GP+logP,0.0756693749998283,0.47243004953056716,0.8727467373401613,-0.8502765072945572,1.0016152572942139,0.2681113407310985,0.07085566543025422,0.00015438472290528715,0.12923678838718047,0.40698589307501654,TN,CornBelt,conflict_n,,,,,,
logLoad,2639,170.0,0.5034368062039707,True,GP+logP,-0.9541520166852712,0.5945406416786811,0.1085255353819966,-2.1194302617208196,0.21112622835027717,1.8874150426781922,0.13261777970384456,5.800647912886968e-46,1.62748897074899,2.1473411146073946,TN,CornBelt,conflict_n,,,,,,
logC_low,1991,151.0,0.06497184993601979,True,GP+logP,-0.9753413374960662,0.6132113284509665,0.11171159746370392,-2.1772134561719225,0.22653078117978986,0.2401656660419563,0.09479206558753442,0.0112895861558407,0.0543766314702302,0.4259547006136824,TN,CornBelt_crop_hi,conflict_n,,,,,,
logC_high,2139,151.0,0.0761287057426201,True,GP+logP,0.12568210233017113,0.5358517006562925,0.8145607938545456,-0.9245679320107003,1.1759321366710425,0.2611644009837419,0.08184634138067191,0.001418249016499698,0.10074851961125464,0.42158028235622913,TN,CornBelt_crop_hi,conflict_n,,,,,,
logLoad,2284,151.0,0.5219394373122304,True,GP+logP,-1.3319994966177395,0.6979343411250839,0.056328139046117436,-2.6999256687965962,0.03592667556111717,1.9376233926814799,0.1484830372049326,6.399976250527222e-39,1.646601987444691,2.228644797918269,TN,CornBelt_crop_hi,conflict_n,,,,,,
logC_low,2188,163.0,0.06328775119396202,True,GP+logP,-0.8768375699564898,0.5519844923316851,0.11216914430786139,-1.958707294951218,0.20503215503823868,0.2510656120043564,0.08958791613229126,0.005071615362873535,0.07547652293507062,0.4266547010736422,TN,Interior,conflict_n,,,,,,
logC_high,2356,163.0,0.07264861371283349,True,GP+logP,0.525941247530002,0.4355663042646588,0.2272441205938346,-0.3277530217079442,1.3796355167679484,0.19816622049907293,0.07075038081692232,0.005095700722238875,0.059498022205411644,0.33683441879273424,TN,Interior,conflict_n,,,,,,
logLoad,2538,163.0,0.4965514395714419,True,GP+logP,-0.2568753927331803,0.5887065671585907,0.6625910880553769,-1.4107190618262289,0.8969682763598682,1.8610568538442356,0.12560669828556933,1.1453141849315795e-49,1.6148722489875307,2.1072414587009405,TN,Interior,conflict_n,,,,,,
logC_low,4554,308.0,0.023951432430063035,True,GP+logP,-0.8854319331660564,0.48764473447568984,0.06941156073666543,-1.8411980499890062,0.07033418365689337,0.24470422040238407,0.06312273454138866,0.00010590817261003507,0.12098593409557985,0.3684225067091883,NO3N,crop_hi,conflict_n,,,,,,
logC_high,4808,308.0,0.020195542021014257,True,GP+logP,0.6404377114098844,0.3895733846359333,0.10018730200255233,-0.12311209181191451,1.4039875146316834,-0.03874863034058526,0.06287631260521437,0.5377179602409694,-0.16198393852748724,0.08448667784631672,NO3N,crop_hi,conflict_n,,,,,,
logLoad,5270,302.0,0.32355833884068663,True,GP+logP,-1.0256664286212014,0.492564696074248,0.03731526828879562,-1.9910754929826453,-0.06025736425975747,1.8451484850296365,0.1138125087096699,4.136554158800255e-59,1.6220800669685322,2.0682169030907405,NO3N,crop_hi,conflict_n,,,,,,
logC_low,4788,304.0,0.026197256687564563,True,GP+logP,0.9440021530907516,0.38074977984579944,0.013163159146830876,0.19774629747143024,1.6902580087100731,0.14075221179467004,0.06668864966460233,0.03480780698163181,0.01004486027444032,0.27145956331489973,NO3N,crop_lo,conflict_n,,,,,,
logC_high,5027,304.0,0.024851238673725407,True,GP+logP,0.08692659018057027,0.33733167972837846,0.7966471033152512,-0.5742313529314518,0.7480845332925923,-0.06291470436985992,0.06752436873773514,0.3514743614245549,-0.19526003517462315,0.06943062643490329,NO3N,crop_lo,conflict_n,,,,,,
logLoad,5692,298.0,0.22234415997314694,True,GP+logP,-0.9608995698615121,0.35089410204136817,0.006173296164680572,-1.6486393722501165,-0.2731597674729078,1.1312480246001868,0.09704988285227223,2.1296193360335697e-31,0.9410337495059018,1.3214622996944718,NO3N,crop_lo,conflict_n,,,,,,
logC_low,1894,129.0,0.05917726005927659,True,GP+logP,-1.088165222434122,0.6998909020910057,0.12000227093464405,-2.4599261836397424,0.28359573877149824,0.5916016765533417,0.1390451683089073,2.0928778035361174e-05,0.3190781544435733,0.8641251986631102,NO3N,CornBelt,conflict_n,,,,,,
logC_high,1994,129.0,0.07018056515983162,True,GP+logP,-0.5150886327739033,0.6432743546884749,0.42328836821196947,-1.7758832001415585,0.745705934593752,0.21051099475658394,0.09698198800057307,0.029959946459867017,0.020429791126365032,0.4005921983868028,NO3N,CornBelt,conflict_n,,,,,,
logLoad,2198,128.0,0.3700502550154765,True,GP+logP,-1.650534590458137,0.7112899215332633,0.020314883578926773,-3.0446372192296542,-0.25643196168661975,1.8751216859931157,0.159410881366148,6.067253414477984e-32,1.5626820997716784,2.1875612722145528,NO3N,CornBelt,conflict_n,,,,,,
logC_low,1463,104.0,0.07328667714605075,True,GP+logP,-1.5032738773013576,0.9261693849390604,0.10456610300869068,-3.3185325153655296,0.31198476076281434,0.6662875362518145,0.1742500173648322,0.00013144015112127473,0.3247637779112644,1.0078112945923645,NO3N,CornBelt_crop_hi,conflict_n,,,,,,
logC_high,1559,104.0,0.07568591825268833,True,GP+logP,-0.059863135018959096,0.5768614247988464,0.9173488135062882,-1.1904907516951588,1.0707644816572406,0.27372008808082127,0.11945382217185387,0.02193854822517757,0.0395948988083355,0.5078452773533071,NO3N,CornBelt_crop_hi,conflict_n,,,,,,
logLoad,1707,104.0,0.41428987563563346,True,GP+logP,-2.046383877186278,0.9540218154511895,0.031952253383520215,-3.916232275936127,-0.17653547843642858,1.9344643311791874,0.19190566289697686,6.75279709268737e-24,1.5583361434718281,2.3105925188865464,NO3N,CornBelt_crop_hi,conflict_n,,,,,,
logC_low,1933,135.0,0.052551053635821576,True,GP+logP,-0.6330589488162922,0.7156911554749699,0.3764036531174405,-2.0357878376010894,0.7696699399685051,0.5820629623382082,0.13360656811125554,1.3213182676528e-05,0.3201989007421497,0.8439270239342667,NO3N,Interior,conflict_n,,,,,,
logC_high,2019,135.0,0.07168826219947655,True,GP+logP,-0.11428176164292907,0.6085989249128541,0.8510503311382087,-1.3071137355019196,1.0785502122160615,0.10890333089326872,0.09681527980499025,0.2606496984789397,-0.0808511306776802,0.29865779246421764,NO3N,Interior,conflict_n,,,,,,
logLoad,2228,134.0,0.3749384230919759,True,GP+logP,-0.8101887002043033,0.693360048732407,0.24260660253443567,-2.169149424038758,0.548772023630151,1.970067301329658,0.14415138567301963,1.6060949165798314e-42,1.6875357770889963,2.2525988255703195,NO3N,Interior,conflict_n,,,,,,
